,ecologie,economie,education,immigration,sante,securite_defense,date
1810,0,0,0,0,0,1,2022-01-03 07:30:07+00:00
1809,0,0,1,0,0,0,2022-01-03 07:33:36+00:00
1808,0,0,1,0,0,0,2022-01-03 07:36:24+00:00
1807,0,0,0,0,1,0,2022-01-03 07:41:12+00:00
1806,0,1,0,0,0,0,2022-01-03 07:42:14+00:00
1805,1,0,0,0,0,0,2022-01-03 07:43:20+00:00
1804,0,1,0,0,0,0,2022-01-03 07:45:24+00:00
1803,0,1,0,0,0,0,2022-01-03 07:49:03+00:00
1802,0,1,0,0,0,0,2022-01-03 07:51:25+00:00
1801,0,1,0,0,0,0,2022-01-03 07:51:56+00:00
1800,1,0,0,0,0,0,2022-01-03 07:54:29+00:00
1799,0,1,0,0,0,0,2022-01-03 07:55:32+00:00
1798,0,1,0,0,0,0,2022-01-03 07:58:03+00:00
1797,0,1,0,0,0,0,2022-01-03 07:59:14+00:00
1796,0,0,1,0,0,0,2022-01-03 08:02:42+00:00
1795,0,1,0,0,0,0,2022-01-03 08:06:05+00:00
1794,0,1,0,0,0,0,2022-01-03 08:07:54+00:00
1793,0,0,0,0,1,0,2022-01-03 08:08:43+00:00
1792,1,0,0,0,0,0,2022-01-03 08:12:25+00:00
1791,0,0,1,0,0,0,2022-01-03 08:14:13+00:00
1790,0,1,0,0,0,0,2022-01-03 08:16:56+00:00
1789,0,1,0,0,0,0,2022-01-03 08:23:54+00:00
1788,0,0,0,0,1,0,2022-01-03 08:27:57+00:00
1787,1,0,0,0,0,0,2022-01-03 08:29:47+00:00
1786,1,0,0,0,0,0,2022-01-03 08:32:21+00:00
1785,1,0,0,0,0,0,2022-01-03 08:33:03+00:00
1784,1,0,0,0,0,0,2022-01-03 08:37:04+00:00
1783,0,0,0,0,1,0,2022-01-03 08:37:33+00:00
1782,1,0,0,0,0,0,2022-01-03 08:44:46+00:00
1781,1,0,0,0,0,0,2022-01-03 09:00:27+00:00
1780,0,0,1,0,0,0,2022-01-03 09:06:22+00:00
1779,0,0,0,0,0,1,2022-01-03 09:15:52+00:00
1778,0,0,1,0,0,0,2022-01-03 14:27:26+00:00
1777,0,1,0,0,0,0,2022-01-03 14:30:24+00:00
1776,0,1,0,0,0,0,2022-01-03 14:30:52+00:00
1775,0,0,0,0,0,1,2022-01-03 14:31:42+00:00
1774,0,0,0,0,0,1,2022-01-03 14:33:28+00:00
1773,1,0,0,0,0,0,2022-01-03 14:34:21+00:00
1772,0,1,0,0,0,0,2022-01-03 14:35:44+00:00
1771,0,0,1,0,0,0,2022-01-03 14:36:52+00:00
1770,0,0,0,0,0,1,2022-01-03 14:38:04+00:00
1769,0,0,0,0,0,1,2022-01-03 14:40:13+00:00
1768,0,0,0,0,0,1,2022-01-03 14:41:20+00:00
1767,0,0,1,0,0,0,2022-01-03 14:42:59+00:00
1766,0,0,0,0,0,1,2022-01-03 14:46:02+00:00
1765,0,0,0,0,1,0,2022-01-04 09:16:19+00:00
1764,0,0,0,0,0,1,2022-01-04 09:17:26+00:00
1763,1,0,0,0,0,0,2022-01-04 09:18:13+00:00
1762,1,0,0,0,0,0,2022-01-04 09:19:37+00:00
1761,0,1,0,0,0,0,2022-01-04 09:21:25+00:00
1760,0,0,1,0,0,0,2022-01-04 09:23:07+00:00
1759,0,0,1,0,0,0,2022-01-04 09:24:01+00:00
1758,0,0,0,0,0,1,2022-01-05 11:24:03+00:00
1757,0,1,0,0,0,0,2022-01-05 11:27:56+00:00
1756,0,0,0,0,0,1,2022-01-05 11:28:36+00:00
1755,0,0,0,0,0,1,2022-01-05 11:30:57+00:00
1754,0,1,0,0,0,0,2022-01-05 11:32:18+00:00
1753,0,0,1,0,0,0,2022-01-05 11:34:12+00:00
1752,0,1,0,0,0,0,2022-01-05 11:36:49+00:00
1751,0,1,0,0,0,0,2022-01-05 17:39:47+00:00
1750,0,1,0,0,0,0,2022-01-06 09:07:54+00:00
1749,1,0,0,0,0,0,2022-01-06 16:03:23+00:00
1748,0,1,0,0,0,0,2022-01-06 18:13:12+00:00
1747,0,1,0,0,0,0,2022-01-06 19:34:01+00:00
1746,1,0,0,0,0,0,2022-01-07 12:06:04+00:00
1745,0,1,0,0,0,0,2022-01-08 15:17:47+00:00
1744,0,0,0,0,0,1,2022-01-09 11:06:10+00:00
1743,0,0,1,0,0,0,2022-01-09 11:08:04+00:00
1742,0,0,1,0,0,0,2022-01-09 11:08:59+00:00
1741,0,0,0,1,0,0,2022-01-09 11:11:40+00:00
1740,0,1,0,0,0,0,2022-01-09 11:15:32+00:00
1739,0,1,0,0,0,0,2022-01-09 11:19:09+00:00
1738,1,0,0,0,0,0,2022-01-09 11:20:44+00:00
1737,1,0,0,0,0,0,2022-01-09 11:20:45+00:00
1736,0,0,1,0,0,0,2022-01-09 11:22:05+00:00
1735,0,0,0,0,0,1,2022-01-09 11:22:43+00:00
1734,0,1,0,0,0,0,2022-01-09 11:24:29+00:00
1733,1,0,0,0,0,0,2022-01-09 11:25:24+00:00
1732,0,0,0,1,0,0,2022-01-09 11:30:34+00:00
1731,0,0,0,0,0,1,2022-01-09 11:34:48+00:00
1730,0,0,1,0,0,0,2022-01-09 11:37:42+00:00
1729,1,0,0,0,0,0,2022-01-09 11:39:01+00:00
1728,0,0,1,0,0,0,2022-01-09 11:40:36+00:00
1727,1,0,0,0,0,0,2022-01-09 11:45:20+00:00
1726,0,0,1,0,0,0,2022-01-09 11:46:08+00:00
1725,1,0,0,0,0,0,2022-01-09 11:47:35+00:00
1724,1,0,0,0,0,0,2022-01-09 11:48:14+00:00
1723,0,0,0,1,0,0,2022-01-09 11:49:52+00:00
1722,0,0,0,0,0,1,2022-01-09 11:50:40+00:00
1721,0,0,0,0,0,1,2022-01-09 11:51:26+00:00
1720,0,1,0,0,0,0,2022-01-09 11:55:17+00:00
1719,0,0,0,0,0,1,2022-01-09 11:56:19+00:00
1718,0,0,1,0,0,0,2022-01-09 11:56:28+00:00
1717,0,0,0,0,0,1,2022-01-09 12:00:15+00:00
1716,1,0,0,0,0,0,2022-01-09 12:06:19+00:00
1715,0,0,1,0,0,0,2022-01-09 12:11:33+00:00
1714,0,0,1,0,0,0,2022-01-09 12:18:55+00:00
1713,0,0,1,0,0,0,2022-01-09 12:22:57+00:00
1712,0,0,0,1,0,0,2022-01-09 12:31:02+00:00
1711,0,1,0,0,0,0,2022-01-09 12:32:59+00:00
1710,0,0,0,0,0,1,2022-01-09 12:36:34+00:00
1709,0,1,0,0,0,0,2022-01-09 12:41:08+00:00
1708,0,0,0,0,0,1,2022-01-09 12:43:08+00:00
1707,1,0,0,0,0,0,2022-01-09 12:47:52+00:00
1706,0,0,0,0,1,0,2022-01-09 20:09:18+00:00
1705,0,0,0,0,1,0,2022-01-10 11:14:03+00:00
1704,0,0,1,0,0,0,2022-01-10 12:23:29+00:00
1703,0,0,1,0,0,0,2022-01-10 14:08:02+00:00
1702,0,0,1,0,0,0,2022-01-10 14:14:37+00:00
1701,1,0,0,0,0,0,2022-01-10 14:16:20+00:00
1700,0,0,1,0,0,0,2022-01-10 14:19:52+00:00
1699,1,0,0,0,0,0,2022-01-10 14:21:13+00:00
1698,0,1,0,0,0,0,2022-01-10 14:24:35+00:00
1697,0,1,0,0,0,0,2022-01-10 14:25:31+00:00
1696,1,0,0,0,0,0,2022-01-10 14:30:13+00:00
1695,0,0,0,0,0,1,2022-01-10 14:31:31+00:00
1694,0,0,0,1,0,0,2022-01-10 14:44:34+00:00
1693,0,0,0,1,0,0,2022-01-10 14:45:52+00:00
1692,1,0,0,0,0,0,2022-01-10 14:47:26+00:00
1691,0,0,1,0,0,0,2022-01-11 07:56:26+00:00
1690,0,0,0,0,0,1,2022-01-11 10:33:05+00:00
1689,1,0,0,0,0,0,2022-01-12 08:30:55+00:00
1688,0,0,1,0,0,0,2022-01-12 09:54:36+00:00
1687,0,0,0,0,0,1,2022-01-12 11:42:40+00:00
1686,0,0,0,0,0,1,2022-01-12 13:10:53+00:00
1685,0,0,1,0,0,0,2022-01-12 13:16:33+00:00
1684,0,0,1,0,0,0,2022-01-12 13:18:33+00:00
1683,0,0,1,0,0,0,2022-01-12 13:19:51+00:00
1682,0,0,1,0,0,0,2022-01-12 13:22:28+00:00
1681,0,1,0,0,0,0,2022-01-12 16:12:44+00:00
1680,1,0,0,0,0,0,2022-01-12 17:43:52+00:00
1679,0,1,0,0,0,0,2022-01-12 17:54:16+00:00
1678,1,0,0,0,0,0,2022-01-12 17:57:34+00:00
1677,0,1,0,0,0,0,2022-01-12 17:58:45+00:00
1676,0,0,1,0,0,0,2022-01-12 17:59:58+00:00
1675,0,0,1,0,0,0,2022-01-12 18:05:51+00:00
1674,0,1,0,0,0,0,2022-01-12 18:07:07+00:00
1673,0,1,0,0,0,0,2022-01-12 18:13:10+00:00
1672,0,1,0,0,0,0,2022-01-12 18:16:56+00:00
1671,0,0,1,0,0,0,2022-01-12 18:20:05+00:00
1670,0,0,1,0,0,0,2022-01-12 18:20:44+00:00
1669,0,1,0,0,0,0,2022-01-12 18:22:53+00:00
1668,0,0,1,0,0,0,2022-01-12 18:30:56+00:00
1667,1,0,0,0,0,0,2022-01-12 18:42:40+00:00
1666,0,1,0,0,0,0,2022-01-12 18:46:43+00:00
1665,0,0,1,0,0,0,2022-01-12 18:50:13+00:00
1664,0,1,0,0,0,0,2022-01-12 18:57:29+00:00
1663,0,1,0,0,0,0,2022-01-13 08:38:23+00:00
1662,1,0,0,0,0,0,2022-01-13 09:10:38+00:00
1661,0,0,1,0,0,0,2022-01-13 09:12:48+00:00
1660,0,0,0,0,0,1,2022-01-13 09:18:11+00:00
1659,0,1,0,0,0,0,2022-01-13 09:21:27+00:00
1658,1,0,0,0,0,0,2022-01-13 09:24:07+00:00
1657,0,1,0,0,0,0,2022-01-13 09:50:16+00:00
1656,0,1,0,0,0,0,2022-01-13 10:18:16+00:00
1655,0,0,1,0,0,0,2022-01-13 10:28:40+00:00
1654,1,0,0,0,0,0,2022-01-13 10:31:18+00:00
1653,1,0,0,0,0,0,2022-01-13 10:32:50+00:00
1652,1,0,0,0,0,0,2022-01-13 10:34:56+00:00
1651,0,0,0,0,0,1,2022-01-13 11:18:01+00:00
1650,1,0,0,0,0,0,2022-01-13 12:47:18+00:00
1649,0,1,0,0,0,0,2022-01-13 14:21:25+00:00
1648,0,0,1,0,0,0,2022-01-13 15:30:39+00:00
1647,0,0,0,0,1,0,2022-01-13 16:02:19+00:00
1646,1,0,0,0,0,0,2022-01-13 17:28:50+00:00
1645,0,0,1,0,0,0,2022-01-13 18:34:33+00:00
1644,1,0,0,0,0,0,2022-01-13 19:19:19+00:00
1643,0,0,0,1,0,0,2022-01-13 19:21:13+00:00
1642,0,0,0,0,0,1,2022-01-13 19:37:10+00:00
1641,1,0,0,0,0,0,2022-01-13 19:42:01+00:00
1640,0,0,1,0,0,0,2022-01-13 19:44:41+00:00
1639,0,0,0,0,1,0,2022-01-13 20:09:35+00:00
1638,0,1,0,0,0,0,2022-01-13 20:24:24+00:00
1637,0,1,0,0,0,0,2022-01-13 21:50:16+00:00
1636,0,1,0,0,0,0,2022-01-13 22:57:02+00:00
1635,0,0,0,0,0,1,2022-01-14 17:24:18+00:00
1634,1,0,0,0,0,0,2022-01-14 17:59:19+00:00
1633,0,1,0,0,0,0,2022-01-15 12:43:10+00:00
1632,0,0,1,0,0,0,2022-01-15 15:54:16+00:00
1631,0,1,0,0,0,0,2022-01-15 20:16:12+00:00
1630,0,0,0,0,0,1,2022-01-16 12:12:59+00:00
1629,1,0,0,0,0,0,2022-01-16 12:14:10+00:00
1628,0,0,0,0,0,1,2022-01-16 12:15:10+00:00
1627,0,0,1,0,0,0,2022-01-16 12:16:57+00:00
1626,0,1,0,0,0,0,2022-01-16 13:13:34+00:00
1625,1,0,0,0,0,0,2022-01-16 13:15:09+00:00
1624,0,1,0,0,0,0,2022-01-16 13:28:04+00:00
1623,0,1,0,0,0,0,2022-01-16 13:49:45+00:00
1622,0,1,0,0,0,0,2022-01-16 13:51:06+00:00
1621,0,0,0,0,0,1,2022-01-16 13:51:12+00:00
1620,0,0,0,0,0,1,2022-01-16 13:52:16+00:00
1619,0,0,0,0,0,1,2022-01-16 13:56:01+00:00
1618,1,0,0,0,0,0,2022-01-16 13:56:51+00:00
1617,0,1,0,0,0,0,2022-01-16 13:57:53+00:00
1616,1,0,0,0,0,0,2022-01-16 13:58:10+00:00
1615,0,0,0,0,0,1,2022-01-16 13:59:09+00:00
1614,0,0,0,1,0,0,2022-01-16 13:59:39+00:00
1613,1,0,0,0,0,0,2022-01-16 14:05:45+00:00
1612,0,1,0,0,0,0,2022-01-16 14:09:22+00:00
1611,0,0,0,0,0,1,2022-01-16 14:10:04+00:00
1610,1,0,0,0,0,0,2022-01-16 14:10:27+00:00
1609,1,0,0,0,0,0,2022-01-16 14:15:46+00:00
1608,0,0,1,0,0,0,2022-01-16 14:17:19+00:00
1607,0,0,1,0,0,0,2022-01-16 14:17:54+00:00
1606,0,1,0,0,0,0,2022-01-16 14:21:07+00:00
1605,0,1,0,0,0,0,2022-01-16 14:21:13+00:00
1604,0,0,0,0,0,1,2022-01-16 14:21:45+00:00
1603,1,0,0,0,0,0,2022-01-16 14:24:36+00:00
1602,0,0,1,0,0,0,2022-01-16 14:25:08+00:00
1601,0,1,0,0,0,0,2022-01-16 14:26:30+00:00
1600,0,0,0,0,0,1,2022-01-16 14:27:19+00:00
1599,1,0,0,0,0,0,2022-01-16 14:29:11+00:00
1598,0,0,1,0,0,0,2022-01-16 14:29:48+00:00
1597,0,0,0,0,1,0,2022-01-16 14:30:58+00:00
1596,0,1,0,0,0,0,2022-01-16 14:35:30+00:00
1595,0,1,0,0,0,0,2022-01-16 14:36:50+00:00
1594,0,0,1,0,0,0,2022-01-16 14:38:44+00:00
1593,0,1,0,0,0,0,2022-01-16 14:42:57+00:00
1592,1,0,0,0,0,0,2022-01-16 14:45:38+00:00
1591,0,0,1,0,0,0,2022-01-16 14:46:09+00:00
1590,1,0,0,0,0,0,2022-01-16 14:47:33+00:00
1589,0,0,1,0,0,0,2022-01-16 14:48:09+00:00
1588,1,0,0,0,0,0,2022-01-16 14:50:47+00:00
1587,0,1,0,0,0,0,2022-01-16 14:53:46+00:00
1586,0,0,1,0,0,0,2022-01-16 14:54:42+00:00
1585,1,0,0,0,0,0,2022-01-16 15:03:44+00:00
1584,0,1,0,0,0,0,2022-01-16 15:07:29+00:00
1583,1,0,0,0,0,0,2022-01-16 15:15:24+00:00
1582,1,0,0,0,0,0,2022-01-17 08:42:09+00:00
1581,0,0,1,0,0,0,2022-01-17 09:59:07+00:00
1580,0,0,1,0,0,0,2022-01-17 11:29:05+00:00
1579,1,0,0,0,0,0,2022-01-17 16:09:09+00:00
1578,1,0,0,0,0,0,2022-01-17 16:39:58+00:00
1577,0,0,0,1,0,0,2022-01-18 09:48:04+00:00
1576,0,0,1,0,0,0,2022-01-18 10:41:08+00:00
1575,0,0,0,0,0,1,2022-01-18 13:21:49+00:00
1574,0,0,0,0,0,1,2022-01-18 15:43:54+00:00
1573,0,1,0,0,0,0,2022-01-18 16:10:31+00:00
1572,0,0,1,0,0,0,2022-01-18 16:15:22+00:00
1571,0,1,0,0,0,0,2022-01-18 16:18:15+00:00
1570,0,0,1,0,0,0,2022-01-18 16:26:27+00:00
1569,0,0,1,0,0,0,2022-01-18 16:31:48+00:00
1568,0,0,1,0,0,0,2022-01-18 16:35:04+00:00
1567,0,0,0,0,0,1,2022-01-18 16:40:05+00:00
1566,1,0,0,0,0,0,2022-01-18 16:41:05+00:00
1565,1,0,0,0,0,0,2022-01-18 16:41:31+00:00
1564,0,1,0,0,0,0,2022-01-18 16:44:49+00:00
1563,0,0,0,1,0,0,2022-01-18 16:51:15+00:00
1562,0,1,0,0,0,0,2022-01-18 16:59:25+00:00
1561,0,0,0,0,1,0,2022-01-19 07:54:00+00:00
1560,1,0,0,0,0,0,2022-01-19 13:08:25+00:00
1559,0,0,0,0,0,1,2022-01-19 19:12:41+00:00
1558,0,0,1,0,0,0,2022-01-19 19:15:42+00:00
1557,0,1,0,0,0,0,2022-01-19 19:25:13+00:00
1556,0,1,0,0,0,0,2022-01-19 19:26:46+00:00
1555,1,0,0,0,0,0,2022-01-19 19:28:51+00:00
1554,0,1,0,0,0,0,2022-01-19 19:32:14+00:00
1553,1,0,0,0,0,0,2022-01-19 19:33:40+00:00
1552,1,0,0,0,0,0,2022-01-19 19:40:21+00:00
1551,0,1,0,0,0,0,2022-01-19 19:49:40+00:00
1550,0,1,0,0,0,0,2022-01-19 19:52:13+00:00
1549,0,0,0,0,0,1,2022-01-19 19:54:24+00:00
1548,0,0,0,0,1,0,2022-01-19 19:57:24+00:00
1547,0,0,0,0,0,1,2022-01-19 20:01:05+00:00
1546,0,1,0,0,0,0,2022-01-19 20:02:16+00:00
1545,0,0,1,0,0,0,2022-01-19 20:03:39+00:00
1544,0,0,0,1,0,0,2022-01-19 20:04:27+00:00
1543,0,0,1,0,0,0,2022-01-19 20:06:51+00:00
1542,0,1,0,0,0,0,2022-01-19 20:07:20+00:00
1541,0,0,0,0,0,1,2022-01-19 20:08:23+00:00
1540,0,0,1,0,0,0,2022-01-19 20:11:43+00:00
1539,1,0,0,0,0,0,2022-01-19 20:18:28+00:00
1538,0,0,0,0,0,1,2022-01-19 20:19:37+00:00
1537,0,1,0,0,0,0,2022-01-19 20:22:27+00:00
1536,1,0,0,0,0,0,2022-01-19 20:25:45+00:00
1535,0,0,1,0,0,0,2022-01-19 20:28:55+00:00
1534,0,1,0,0,0,0,2022-01-19 20:32:09+00:00
1533,0,1,0,0,0,0,2022-01-19 20:33:51+00:00
1532,1,0,0,0,0,0,2022-01-19 20:40:24+00:00
1531,0,0,1,0,0,0,2022-01-19 20:43:04+00:00
1530,1,0,0,0,0,0,2022-01-19 20:44:18+00:00
1529,1,0,0,0,0,0,2022-01-19 20:45:16+00:00
1528,0,0,0,0,0,1,2022-01-19 20:46:58+00:00
1527,0,0,0,0,1,0,2022-01-19 20:48:00+00:00
1526,1,0,0,0,0,0,2022-01-19 20:52:51+00:00
1525,0,0,1,0,0,0,2022-01-19 20:54:33+00:00
1524,1,0,0,0,0,0,2022-01-19 20:54:46+00:00
1523,0,0,0,0,0,1,2022-01-19 21:02:18+00:00
1522,0,1,0,0,0,0,2022-01-19 21:05:37+00:00
1521,0,0,0,0,0,1,2022-01-19 21:07:04+00:00
1520,0,0,0,0,0,1,2022-01-19 21:08:45+00:00
1519,0,0,0,0,0,1,2022-01-19 21:09:35+00:00
1518,0,0,0,0,0,1,2022-01-19 21:14:27+00:00
1517,0,1,0,0,0,0,2022-01-19 21:16:38+00:00
1516,0,1,0,0,0,0,2022-01-19 21:17:01+00:00
1515,0,0,0,0,0,1,2022-01-19 21:20:55+00:00
1514,0,1,0,0,0,0,2022-01-19 21:21:54+00:00
1513,0,0,0,0,0,1,2022-01-19 21:23:14+00:00
1512,0,1,0,0,0,0,2022-01-19 21:25:14+00:00
1511,0,0,0,1,0,0,2022-01-19 21:27:21+00:00
1510,0,0,1,0,0,0,2022-01-19 21:27:51+00:00
1509,0,0,1,0,0,0,2022-01-19 21:30:32+00:00
1508,1,0,0,0,0,0,2022-01-19 21:42:22+00:00
1507,0,0,0,0,0,1,2022-01-19 21:53:03+00:00
1506,0,0,0,0,1,0,2022-01-20 11:20:01+00:00
1505,0,0,0,1,0,0,2022-01-20 15:20:24+00:00
1504,0,0,0,1,0,0,2022-01-21 10:31:40+00:00
1503,0,1,0,0,0,0,2022-01-21 10:53:02+00:00
1502,0,0,1,0,0,0,2022-01-21 10:53:22+00:00
1501,0,0,0,0,0,1,2022-01-21 11:45:09+00:00
1500,0,0,0,0,0,1,2022-01-21 14:23:17+00:00
1499,0,0,1,0,0,0,2022-01-21 18:07:35+00:00
1498,0,1,0,0,0,0,2022-01-21 18:19:31+00:00
1497,0,0,1,0,0,0,2022-01-21 18:21:49+00:00
1496,0,0,0,0,0,1,2022-01-21 18:23:51+00:00
1495,0,0,1,0,0,0,2022-01-21 18:27:09+00:00
1494,0,0,0,0,1,0,2022-01-21 18:34:23+00:00
1493,1,0,0,0,0,0,2022-01-21 18:41:39+00:00
1492,0,0,1,0,0,0,2022-01-21 18:44:09+00:00
1491,1,0,0,0,0,0,2022-01-21 18:47:58+00:00
1490,1,0,0,0,0,0,2022-01-21 18:53:37+00:00
1489,1,0,0,0,0,0,2022-01-21 18:54:53+00:00
1488,1,0,0,0,0,0,2022-01-21 18:56:14+00:00
1487,1,0,0,0,0,0,2022-01-21 18:58:20+00:00
1486,0,0,0,0,1,0,2022-01-21 19:02:43+00:00
1485,1,0,0,0,0,0,2022-01-21 19:03:44+00:00
1484,1,0,0,0,0,0,2022-01-21 19:10:43+00:00
1483,0,1,0,0,0,0,2022-01-21 19:19:46+00:00
1482,0,0,1,0,0,0,2022-01-21 19:23:29+00:00
1481,1,0,0,0,0,0,2022-01-21 19:25:41+00:00
1480,0,0,1,0,0,0,2022-01-21 19:37:02+00:00
1479,0,1,0,0,0,0,2022-01-21 19:39:10+00:00
1478,1,0,0,0,0,0,2022-01-21 19:39:30+00:00
1477,0,0,0,0,0,1,2022-01-21 19:42:41+00:00
1476,0,0,0,0,0,1,2022-01-21 19:48:24+00:00
1475,0,1,0,0,0,0,2022-01-21 19:49:51+00:00
1474,0,0,0,0,1,0,2022-01-21 19:52:28+00:00
1473,0,0,1,0,0,0,2022-01-21 19:59:55+00:00
1472,1,0,0,0,0,0,2022-01-21 20:04:05+00:00
1471,1,0,0,0,0,0,2022-01-21 20:09:46+00:00
1470,0,0,1,0,0,0,2022-01-21 20:17:21+00:00
1469,0,0,0,0,0,1,2022-01-21 20:17:30+00:00
1468,0,1,0,0,0,0,2022-01-21 20:19:02+00:00
1467,0,0,1,0,0,0,2022-01-21 20:39:14+00:00
1466,0,0,1,0,0,0,2022-01-21 20:39:40+00:00
1465,0,0,1,0,0,0,2022-01-23 09:41:25+00:00
1464,0,0,0,0,1,0,2022-01-23 09:43:59+00:00
1463,0,1,0,0,0,0,2022-01-23 10:25:35+00:00
1462,0,0,1,0,0,0,2022-01-23 10:29:02+00:00
1461,0,0,0,0,1,0,2022-01-23 10:34:54+00:00
1460,0,0,1,0,0,0,2022-01-23 10:51:23+00:00
1459,0,0,0,0,0,1,2022-01-23 11:22:21+00:00
1458,0,0,0,0,0,1,2022-01-23 11:25:23+00:00
1457,0,1,0,0,0,0,2022-01-23 11:34:55+00:00
1456,0,0,0,0,0,1,2022-01-23 16:38:27+00:00
1455,0,0,0,0,0,1,2022-01-23 18:05:25+00:00
1454,1,0,0,0,0,0,2022-01-23 18:07:05+00:00
1453,0,0,0,0,1,0,2022-01-23 18:10:32+00:00
1452,0,0,0,0,0,1,2022-01-23 18:13:05+00:00
1451,0,0,0,0,1,0,2022-01-23 18:14:23+00:00
1450,0,0,0,0,0,1,2022-01-23 18:19:36+00:00
1449,0,0,0,0,0,1,2022-01-23 18:19:57+00:00
1448,0,0,0,0,0,1,2022-01-23 18:23:59+00:00
1447,0,0,0,0,0,1,2022-01-23 18:24:03+00:00
1446,0,0,0,0,1,0,2022-01-23 18:24:35+00:00
1445,0,0,1,0,0,0,2022-01-23 18:25:57+00:00
1444,1,0,0,0,0,0,2022-01-23 18:27:36+00:00
1443,1,0,0,0,0,0,2022-01-23 18:29:58+00:00
1442,0,0,0,0,0,1,2022-01-23 18:31:48+00:00
1441,0,0,0,0,1,0,2022-01-23 18:32:58+00:00
1440,0,0,1,0,0,0,2022-01-23 18:36:00+00:00
1439,1,0,0,0,0,0,2022-01-23 18:36:09+00:00
1438,0,1,0,0,0,0,2022-01-23 18:38:13+00:00
1437,0,1,0,0,0,0,2022-01-23 18:41:34+00:00
1436,0,0,1,0,0,0,2022-01-23 18:41:47+00:00
1435,0,1,0,0,0,0,2022-01-23 18:43:49+00:00
1434,0,1,0,0,0,0,2022-01-23 18:45:30+00:00
1433,0,0,0,0,0,1,2022-01-23 18:53:08+00:00
1432,0,1,0,0,0,0,2022-01-23 18:53:44+00:00
1431,1,0,0,0,0,0,2022-01-23 18:55:00+00:00
1430,0,0,0,0,0,1,2022-01-23 18:57:37+00:00
1429,0,0,0,0,0,1,2022-01-23 18:58:52+00:00
1428,0,0,1,0,0,0,2022-01-23 19:03:00+00:00
1427,0,1,0,0,0,0,2022-01-23 19:44:26+00:00
1426,0,0,1,0,0,0,2022-01-24 10:48:48+00:00
1425,0,1,0,0,0,0,2022-01-24 12:02:20+00:00
1424,0,0,1,0,0,0,2022-01-24 16:09:38+00:00
1423,0,0,0,0,0,1,2022-01-24 18:57:12+00:00
1422,0,0,0,0,0,1,2022-01-24 18:59:39+00:00
1421,1,0,0,0,0,0,2022-01-24 19:02:30+00:00
1420,0,0,1,0,0,0,2022-01-24 19:05:24+00:00
1419,1,0,0,0,0,0,2022-01-24 19:07:13+00:00
1418,1,0,0,0,0,0,2022-01-24 19:08:23+00:00
1417,0,0,0,0,1,0,2022-01-24 19:10:44+00:00
1416,0,1,0,0,0,0,2022-01-24 19:12:15+00:00
1415,0,0,1,0,0,0,2022-01-24 19:18:03+00:00
1414,0,0,1,0,0,0,2022-01-24 19:20:35+00:00
1413,0,0,1,0,0,0,2022-01-24 19:22:06+00:00
1412,1,0,0,0,0,0,2022-01-24 19:23:23+00:00
1411,0,1,0,0,0,0,2022-01-24 19:26:09+00:00
1410,0,0,0,0,1,0,2022-01-24 19:28:19+00:00
1409,0,0,0,0,0,1,2022-01-24 19:31:06+00:00
1408,1,0,0,0,0,0,2022-01-24 19:35:53+00:00
1407,0,1,0,0,0,0,2022-01-24 19:38:37+00:00
1406,1,0,0,0,0,0,2022-01-24 19:42:39+00:00
1405,0,0,1,0,0,0,2022-01-24 19:42:49+00:00
1404,0,0,0,0,1,0,2022-01-24 19:45:19+00:00
1403,0,0,0,0,1,0,2022-01-24 19:47:34+00:00
1402,0,0,0,0,1,0,2022-01-24 19:48:11+00:00
1401,1,0,0,0,0,0,2022-01-24 19:52:14+00:00
1400,0,1,0,0,0,0,2022-01-24 19:52:58+00:00
1399,0,0,1,0,0,0,2022-01-24 19:53:40+00:00
1398,0,0,0,0,1,0,2022-01-24 19:54:21+00:00
1397,1,0,0,0,0,0,2022-01-24 19:57:39+00:00
1396,0,0,0,0,1,0,2022-01-24 19:58:43+00:00
1395,0,0,0,0,1,0,2022-01-24 20:02:00+00:00
1394,1,0,0,0,0,0,2022-01-24 20:04:45+00:00
1393,0,1,0,0,0,0,2022-01-24 20:09:19+00:00
1392,0,1,0,0,0,0,2022-01-24 20:15:42+00:00
1391,1,0,0,0,0,0,2022-01-24 20:19:21+00:00
1390,0,0,0,1,0,0,2022-01-24 20:26:44+00:00
1389,0,0,0,0,0,1,2022-01-24 20:32:07+00:00
1388,0,1,0,0,0,0,2022-01-25 10:05:39+00:00
1387,0,0,0,0,0,1,2022-01-25 10:11:59+00:00
1386,0,0,0,1,0,0,2022-01-25 13:06:22+00:00
1385,0,0,1,0,0,0,2022-01-25 16:06:42+00:00
1384,0,1,0,0,0,0,2022-01-26 10:11:09+00:00
1383,0,1,0,0,0,0,2022-01-26 20:07:52+00:00
1382,0,1,0,0,0,0,2022-01-27 13:59:33+00:00
1381,0,1,0,0,0,0,2022-01-27 14:21:13+00:00
1380,0,1,0,0,0,0,2022-01-27 20:25:09+00:00
1379,0,1,0,0,0,0,2022-01-27 20:31:52+00:00
1378,1,0,0,0,0,0,2022-01-27 20:33:24+00:00
1377,0,0,0,1,0,0,2022-01-27 20:42:33+00:00
1376,1,0,0,0,0,0,2022-01-27 20:52:59+00:00
1375,0,1,0,0,0,0,2022-01-27 20:56:21+00:00
1374,0,0,1,0,0,0,2022-01-27 21:02:01+00:00
1373,1,0,0,0,0,0,2022-01-27 21:05:45+00:00
1372,0,0,1,0,0,0,2022-01-27 21:07:11+00:00
1371,0,0,1,0,0,0,2022-01-27 21:13:20+00:00
1370,0,1,0,0,0,0,2022-01-27 21:14:39+00:00
1369,0,1,0,0,0,0,2022-01-27 21:21:21+00:00
1368,0,0,0,0,1,0,2022-01-27 21:22:46+00:00
1367,0,1,0,0,0,0,2022-01-27 21:25:35+00:00
1366,0,0,0,0,0,1,2022-01-27 21:27:00+00:00
1365,0,1,0,0,0,0,2022-01-27 21:33:36+00:00
1364,0,1,0,0,0,0,2022-01-27 21:35:36+00:00
1363,0,1,0,0,0,0,2022-01-27 21:36:27+00:00
1362,0,0,0,0,0,1,2022-01-27 21:37:46+00:00
1361,1,0,0,0,0,0,2022-01-27 21:44:59+00:00
1360,0,0,0,0,0,1,2022-01-27 21:50:17+00:00
1359,0,0,0,0,0,1,2022-01-27 21:52:27+00:00
1358,0,0,0,0,0,1,2022-01-27 21:54:12+00:00
1357,0,0,0,0,0,1,2022-01-27 21:57:47+00:00
1356,1,0,0,0,0,0,2022-01-27 22:01:09+00:00
1355,0,0,0,0,0,1,2022-01-27 22:07:22+00:00
1354,0,0,0,0,1,0,2022-01-27 22:07:32+00:00
1353,1,0,0,0,0,0,2022-01-27 22:10:49+00:00
1352,0,0,1,0,0,0,2022-01-27 22:15:30+00:00
1351,1,0,0,0,0,0,2022-01-27 22:16:55+00:00
1350,0,0,1,0,0,0,2022-01-27 22:22:50+00:00
1349,0,0,1,0,0,0,2022-01-27 22:25:21+00:00
1348,0,1,0,0,0,0,2022-01-27 22:25:45+00:00
1347,1,0,0,0,0,0,2022-01-27 22:32:33+00:00
1346,0,1,0,0,0,0,2022-01-27 22:36:55+00:00
1345,0,1,0,0,0,0,2022-01-27 22:37:10+00:00
1344,0,0,0,1,0,0,2022-01-27 23:04:59+00:00
1343,0,1,0,0,0,0,2022-01-27 23:09:12+00:00
1342,1,0,0,0,0,0,2022-01-27 23:12:32+00:00
1341,0,0,0,1,0,0,2022-01-27 23:12:55+00:00
1340,1,0,0,0,0,0,2022-01-27 23:16:20+00:00
1339,0,1,0,0,0,0,2022-01-27 23:20:57+00:00
1338,0,0,1,0,0,0,2022-01-27 23:23:21+00:00
1337,0,0,0,0,0,1,2022-01-27 23:23:36+00:00
1336,1,0,0,0,0,0,2022-01-27 23:25:57+00:00
1335,1,0,0,0,0,0,2022-01-27 23:30:28+00:00
1334,1,0,0,0,0,0,2022-01-27 23:34:39+00:00
1333,0,0,1,0,0,0,2022-01-27 23:36:49+00:00
1332,0,0,0,0,0,1,2022-01-27 23:38:59+00:00
1331,0,0,1,0,0,0,2022-01-27 23:44:31+00:00
1330,0,1,0,0,0,0,2022-01-27 23:48:36+00:00
1329,0,0,0,0,0,1,2022-01-27 23:49:48+00:00
1328,0,0,0,1,0,0,2022-01-27 23:59:17+00:00
1327,0,1,0,0,0,0,2022-01-28 00:05:18+00:00
1326,0,1,0,0,0,0,2022-01-28 00:14:07+00:00
1325,0,0,0,0,0,1,2022-01-28 00:16:19+00:00
1324,0,0,0,0,0,1,2022-01-28 12:03:41+00:00
1323,0,0,0,1,0,0,2022-01-28 16:45:12+00:00
1322,0,0,0,0,0,1,2022-01-29 12:23:05+00:00
1321,1,0,0,0,0,0,2022-01-30 12:55:29+00:00
1320,1,0,0,0,0,0,2022-01-30 20:00:17+00:00
1319,0,0,1,0,0,0,2022-01-30 20:01:56+00:00
1318,0,0,1,0,0,0,2022-01-30 20:02:47+00:00
1317,0,0,1,0,0,0,2022-01-30 20:06:22+00:00
1316,0,1,0,0,0,0,2022-01-30 20:06:40+00:00
1315,0,0,0,1,0,0,2022-01-30 20:07:58+00:00
1314,0,1,0,0,0,0,2022-01-30 20:10:25+00:00
1313,1,0,0,0,0,0,2022-01-30 20:10:28+00:00
1312,0,1,0,0,0,0,2022-01-30 20:12:27+00:00
1311,0,0,1,0,0,0,2022-01-30 20:15:47+00:00
1310,0,0,1,0,0,0,2022-01-30 20:18:51+00:00
1309,0,1,0,0,0,0,2022-01-30 20:22:05+00:00
1308,0,0,1,0,0,0,2022-01-30 20:22:31+00:00
1307,0,0,1,0,0,0,2022-01-30 20:26:07+00:00
1306,0,0,0,0,0,1,2022-01-30 20:27:22+00:00
1305,0,0,0,0,0,1,2022-01-30 20:28:48+00:00
1304,0,0,0,0,0,1,2022-01-30 20:33:30+00:00
1303,1,0,0,0,0,0,2022-01-30 20:33:59+00:00
1302,0,0,0,0,1,0,2022-01-30 20:36:54+00:00
1301,0,0,1,0,0,0,2022-01-30 20:37:47+00:00
1300,0,0,0,0,0,1,2022-01-30 20:41:08+00:00
1299,0,1,0,0,0,0,2022-01-30 20:43:19+00:00
1298,0,1,0,0,0,0,2022-01-30 20:44:04+00:00
1297,0,1,0,0,0,0,2022-01-30 20:44:20+00:00
1296,0,0,0,1,0,0,2022-01-30 20:46:06+00:00
1295,0,1,0,0,0,0,2022-01-30 20:49:24+00:00
1294,0,0,0,0,0,1,2022-01-30 20:51:31+00:00
1293,0,1,0,0,0,0,2022-01-30 20:52:42+00:00
1292,1,0,0,0,0,0,2022-01-30 20:54:45+00:00
1291,0,0,0,0,0,1,2022-01-30 20:55:11+00:00
1290,0,0,1,0,0,0,2022-01-30 20:57:11+00:00
1289,0,0,0,0,0,1,2022-01-30 21:02:57+00:00
1288,0,1,0,0,0,0,2022-01-30 21:03:38+00:00
1287,0,0,0,0,0,1,2022-01-30 21:08:16+00:00
1286,0,1,0,0,0,0,2022-01-31 17:28:22+00:00
1285,0,1,0,0,0,0,2022-01-31 20:03:33+00:00
1284,0,0,0,0,0,1,2022-02-01 09:56:14+00:00
1283,0,1,0,0,0,0,2022-02-01 14:04:47+00:00
1282,0,0,0,0,0,1,2022-02-01 16:40:07+00:00
1281,0,1,0,0,0,0,2022-02-01 17:59:32+00:00
1280,0,1,0,0,0,0,2022-02-01 18:03:37+00:00
1279,0,1,0,0,0,0,2022-02-01 18:13:33+00:00
1278,0,0,1,0,0,0,2022-02-01 18:13:45+00:00
1277,0,0,1,0,0,0,2022-02-01 18:13:46+00:00
1276,0,0,0,0,0,1,2022-02-01 18:22:10+00:00
1275,0,0,0,0,0,1,2022-02-01 18:30:06+00:00
1274,0,0,1,0,0,0,2022-02-01 18:32:15+00:00
1273,0,0,0,0,0,1,2022-02-01 18:41:27+00:00
1272,0,1,0,0,0,0,2022-02-01 18:43:40+00:00
1271,1,0,0,0,0,0,2022-02-01 18:50:49+00:00
1270,0,0,0,0,1,0,2022-02-01 18:52:25+00:00
1269,0,0,0,0,0,1,2022-02-01 18:58:48+00:00
1268,0,1,0,0,0,0,2022-02-01 19:08:01+00:00
1267,1,0,0,0,0,0,2022-02-01 19:10:36+00:00
1266,1,0,0,0,0,0,2022-02-01 19:14:26+00:00
1265,1,0,0,0,0,0,2022-02-01 19:18:14+00:00
1264,1,0,0,0,0,0,2022-02-01 19:24:48+00:00
1263,0,1,0,0,0,0,2022-02-02 08:20:15+00:00
1262,0,1,0,0,0,0,2022-02-02 08:39:11+00:00
1261,1,0,0,0,0,0,2022-02-02 09:26:56+00:00
1260,1,0,0,0,0,0,2022-02-02 09:50:27+00:00
1259,0,1,0,0,0,0,2022-02-02 10:22:41+00:00
1258,1,0,0,0,0,0,2022-02-02 11:50:36+00:00
1257,1,0,0,0,0,0,2022-02-02 12:10:33+00:00
1256,1,0,0,0,0,0,2022-02-02 13:12:58+00:00
1255,1,0,0,0,0,0,2022-02-02 14:39:16+00:00
1254,1,0,0,0,0,0,2022-02-02 14:45:39+00:00
1253,0,1,0,0,0,0,2022-02-02 14:50:50+00:00
1252,1,0,0,0,0,0,2022-02-02 14:56:32+00:00
1251,1,0,0,0,0,0,2022-02-02 14:58:47+00:00
1250,1,0,0,0,0,0,2022-02-02 15:01:31+00:00
1249,1,0,0,0,0,0,2022-02-02 15:11:54+00:00
1248,1,0,0,0,0,0,2022-02-02 16:04:56+00:00
1247,1,0,0,0,0,0,2022-02-02 17:41:10+00:00
1246,1,0,0,0,0,0,2022-02-02 18:31:02+00:00
1245,1,0,0,0,0,0,2022-02-02 20:21:03+00:00
1244,0,0,0,0,1,0,2022-02-03 08:25:55+00:00
1243,0,0,0,0,0,1,2022-02-03 08:54:45+00:00
1242,0,0,1,0,0,0,2022-02-03 14:01:01+00:00
1241,0,0,0,0,1,0,2022-02-03 18:48:58+00:00
1240,0,0,0,0,1,0,2022-02-03 18:51:51+00:00
1239,0,0,0,0,1,0,2022-02-03 18:51:56+00:00
1238,1,0,0,0,0,0,2022-02-03 18:53:50+00:00
1237,0,0,0,1,0,0,2022-02-03 18:56:00+00:00
1236,0,0,0,1,0,0,2022-02-03 18:57:12+00:00
1235,0,0,1,0,0,0,2022-02-03 19:01:54+00:00
1234,0,0,1,0,0,0,2022-02-03 19:03:52+00:00
1233,0,1,0,0,0,0,2022-02-03 19:06:21+00:00
1232,0,0,1,0,0,0,2022-02-03 19:11:01+00:00
1231,1,0,0,0,0,0,2022-02-03 19:12:16+00:00
1230,0,0,1,0,0,0,2022-02-03 19:13:21+00:00
1229,1,0,0,0,0,0,2022-02-03 19:15:25+00:00
1228,1,0,0,0,0,0,2022-02-03 19:17:03+00:00
1227,1,0,0,0,0,0,2022-02-03 19:20:49+00:00
1226,0,1,0,0,0,0,2022-02-03 19:21:18+00:00
1225,0,1,0,0,0,0,2022-02-03 19:24:46+00:00
1224,0,1,0,0,0,0,2022-02-03 19:26:47+00:00
1223,1,0,0,0,0,0,2022-02-03 19:27:26+00:00
1222,0,0,0,0,0,1,2022-02-03 19:30:40+00:00
1221,0,1,0,0,0,0,2022-02-03 19:34:29+00:00
1220,0,0,0,0,0,1,2022-02-03 19:36:20+00:00
1219,1,0,0,0,0,0,2022-02-03 19:37:43+00:00
1218,0,0,0,0,0,1,2022-02-03 19:41:01+00:00
1217,0,0,0,0,0,1,2022-02-03 19:43:22+00:00
1216,0,0,0,1,0,0,2022-02-03 19:45:21+00:00
1215,0,1,0,0,0,0,2022-02-03 19:45:23+00:00
1214,0,0,0,0,0,1,2022-02-03 19:48:24+00:00
1213,0,0,1,0,0,0,2022-02-03 19:52:08+00:00
1212,0,0,1,0,0,0,2022-02-03 19:53:01+00:00
1211,0,1,0,0,0,0,2022-02-03 20:03:26+00:00
1210,1,0,0,0,0,0,2022-02-03 20:07:04+00:00
1209,0,0,0,0,0,1,2022-02-03 20:09:35+00:00
1208,1,0,0,0,0,0,2022-02-03 20:11:34+00:00
1207,0,1,0,0,0,0,2022-02-03 20:13:04+00:00
1206,1,0,0,0,0,0,2022-02-03 20:16:38+00:00
1205,1,0,0,0,0,0,2022-02-03 20:19:39+00:00
1204,0,0,0,0,0,1,2022-02-03 20:20:04+00:00
1203,1,0,0,0,0,0,2022-02-03 20:22:58+00:00
1202,0,1,0,0,0,0,2022-02-03 20:26:44+00:00
1201,0,1,0,0,0,0,2022-02-03 20:26:50+00:00
1200,0,1,0,0,0,0,2022-02-03 20:35:44+00:00
1199,0,1,0,0,0,0,2022-02-03 20:38:05+00:00
1198,0,0,0,1,0,0,2022-02-03 20:50:21+00:00
1197,1,0,0,0,0,0,2022-02-03 20:59:34+00:00
1196,0,1,0,0,0,0,2022-02-04 11:44:56+00:00
1195,0,1,0,0,0,0,2022-02-04 11:48:31+00:00
1194,0,0,0,0,0,1,2022-02-04 11:52:45+00:00
1193,0,1,0,0,0,0,2022-02-04 11:57:18+00:00
1192,0,1,0,0,0,0,2022-02-04 11:59:34+00:00
1191,1,0,0,0,0,0,2022-02-04 12:10:24+00:00
1190,0,1,0,0,0,0,2022-02-04 12:10:57+00:00
1189,1,0,0,0,0,0,2022-02-04 12:13:30+00:00
1188,0,1,0,0,0,0,2022-02-04 12:21:27+00:00
1187,0,1,0,0,0,0,2022-02-04 12:29:19+00:00
1186,0,1,0,0,0,0,2022-02-04 15:13:40+00:00
1185,0,1,0,0,0,0,2022-02-05 13:13:04+00:00
1184,0,1,0,0,0,0,2022-02-05 15:46:28+00:00
1183,0,0,1,0,0,0,2022-02-06 08:48:56+00:00
1182,0,0,1,0,0,0,2022-02-06 16:15:38+00:00
1181,0,0,0,0,0,1,2022-02-06 17:34:12+00:00
1180,0,1,0,0,0,0,2022-02-06 19:36:12+00:00
1179,0,1,0,0,0,0,2022-02-06 19:36:49+00:00
1178,0,1,0,0,0,0,2022-02-06 19:42:50+00:00
1177,0,0,0,0,0,1,2022-02-06 19:42:51+00:00
1176,0,0,0,0,1,0,2022-02-06 19:47:47+00:00
1175,0,1,0,0,0,0,2022-02-06 20:07:01+00:00
1174,1,0,0,0,0,0,2022-02-06 20:10:15+00:00
1173,0,1,0,0,0,0,2022-02-07 10:25:28+00:00
1172,0,1,0,0,0,0,2022-02-07 11:36:11+00:00
1171,1,0,0,0,0,0,2022-02-07 16:30:55+00:00
1170,0,0,0,0,1,0,2022-02-07 17:38:38+00:00
1169,0,0,1,0,0,0,2022-02-08 13:18:36+00:00
1168,1,0,0,0,0,0,2022-02-08 14:05:21+00:00
1167,0,1,0,0,0,0,2022-02-08 15:09:01+00:00
1166,0,0,1,0,0,0,2022-02-09 18:04:26+00:00
1165,0,0,1,0,0,0,2022-02-10 13:03:48+00:00
1164,0,0,0,0,0,1,2022-02-10 16:28:55+00:00
1163,0,0,1,0,0,0,2022-02-10 19:52:09+00:00
1162,0,0,1,0,0,0,2022-02-10 19:52:46+00:00
1161,0,1,0,0,0,0,2022-02-10 19:56:23+00:00
1160,0,0,0,0,1,0,2022-02-10 19:58:53+00:00
1159,0,1,0,0,0,0,2022-02-10 19:59:09+00:00
1158,0,1,0,0,0,0,2022-02-10 20:00:14+00:00
1157,0,1,0,0,0,0,2022-02-10 20:00:23+00:00
1156,0,0,1,0,0,0,2022-02-10 20:01:38+00:00
1155,0,1,0,0,0,0,2022-02-10 20:05:34+00:00
1154,0,0,1,0,0,0,2022-02-10 20:09:56+00:00
1153,1,0,0,0,0,0,2022-02-10 20:12:05+00:00
1152,0,0,1,0,0,0,2022-02-10 20:12:16+00:00
1151,0,1,0,0,0,0,2022-02-10 20:22:26+00:00
1150,0,0,1,0,0,0,2022-02-10 20:22:41+00:00
1149,0,1,0,0,0,0,2022-02-10 20:31:56+00:00
1148,0,1,0,0,0,0,2022-02-10 20:37:56+00:00
1147,1,0,0,0,0,0,2022-02-10 20:40:46+00:00
1146,0,1,0,0,0,0,2022-02-10 20:40:48+00:00
1145,0,1,0,0,0,0,2022-02-10 20:41:16+00:00
1144,0,1,0,0,0,0,2022-02-10 20:52:42+00:00
1143,0,1,0,0,0,0,2022-02-10 20:56:44+00:00
1142,0,1,0,0,0,0,2022-02-10 20:56:48+00:00
1141,0,1,0,0,0,0,2022-02-10 20:59:59+00:00
1140,1,0,0,0,0,0,2022-02-10 21:00:11+00:00
1139,1,0,0,0,0,0,2022-02-10 21:01:11+00:00
1138,0,1,0,0,0,0,2022-02-10 21:03:16+00:00
1137,1,0,0,0,0,0,2022-02-10 21:07:19+00:00
1136,0,0,1,0,0,0,2022-02-10 21:09:28+00:00
1135,1,0,0,0,0,0,2022-02-10 21:10:36+00:00
1134,1,0,0,0,0,0,2022-02-10 21:12:43+00:00
1133,1,0,0,0,0,0,2022-02-10 21:17:43+00:00
1132,1,0,0,0,0,0,2022-02-10 21:18:18+00:00
1131,0,0,0,0,1,0,2022-02-10 21:19:26+00:00
1130,0,1,0,0,0,0,2022-02-10 21:22:59+00:00
1129,1,0,0,0,0,0,2022-02-10 21:28:58+00:00
1128,0,1,0,0,0,0,2022-02-10 21:32:47+00:00
1127,0,1,0,0,0,0,2022-02-10 21:32:47+00:00
1126,1,0,0,0,0,0,2022-02-10 21:38:52+00:00
1125,1,0,0,0,0,0,2022-02-10 21:41:03+00:00
1124,0,1,0,0,0,0,2022-02-10 21:41:37+00:00
1123,0,1,0,0,0,0,2022-02-10 21:49:00+00:00
1122,0,1,0,0,0,0,2022-02-10 21:50:01+00:00
1121,0,0,1,0,0,0,2022-02-10 21:50:31+00:00
1120,0,0,0,1,0,0,2022-02-10 21:56:31+00:00
1119,0,0,0,0,0,1,2022-02-10 21:56:46+00:00
1118,0,1,0,0,0,0,2022-02-10 22:01:00+00:00
1117,1,0,0,0,0,0,2022-02-10 22:01:03+00:00
1116,0,0,1,0,0,0,2022-02-10 22:01:14+00:00
1115,0,0,0,1,0,0,2022-02-10 22:04:39+00:00
1114,0,1,0,0,0,0,2022-02-10 22:07:21+00:00
1113,0,1,0,0,0,0,2022-02-10 22:12:17+00:00
1112,0,0,0,0,0,1,2022-02-10 22:14:27+00:00
1111,0,1,0,0,0,0,2022-02-10 22:21:59+00:00
1110,0,0,0,0,0,1,2022-02-10 22:22:04+00:00
1109,0,0,0,1,0,0,2022-02-10 22:26:14+00:00
1108,1,0,0,0,0,0,2022-02-11 11:09:22+00:00
1107,0,0,0,0,0,1,2022-02-11 12:09:30+00:00
1106,0,0,0,0,0,1,2022-02-11 14:32:56+00:00
1105,0,0,0,0,0,1,2022-02-11 16:52:54+00:00
1104,1,0,0,0,0,0,2022-02-11 17:22:13+00:00
1103,0,0,0,0,0,1,2022-02-12 11:30:34+00:00
1102,0,0,0,1,0,0,2022-02-12 14:21:50+00:00
1101,0,0,0,0,0,1,2022-02-12 18:35:31+00:00
1100,0,1,0,0,0,0,2022-02-13 13:05:14+00:00
1099,0,1,0,0,0,0,2022-02-13 13:08:49+00:00
1098,1,0,0,0,0,0,2022-02-13 13:10:00+00:00
1097,0,1,0,0,0,0,2022-02-13 13:11:55+00:00
1096,0,1,0,0,0,0,2022-02-13 13:15:21+00:00
1095,0,0,0,0,0,1,2022-02-13 13:17:06+00:00
1094,0,1,0,0,0,0,2022-02-13 13:18:21+00:00
1093,0,1,0,0,0,0,2022-02-13 13:18:40+00:00
1092,0,0,0,0,0,1,2022-02-13 13:19:21+00:00
1091,0,0,0,0,0,1,2022-02-13 13:20:00+00:00
1090,0,0,0,0,0,1,2022-02-13 13:26:45+00:00
1089,0,0,0,0,0,1,2022-02-13 13:28:46+00:00
1088,0,0,0,0,0,1,2022-02-13 13:28:51+00:00
1087,0,0,0,0,0,1,2022-02-13 13:29:22+00:00
1086,1,0,0,0,0,0,2022-02-13 13:29:43+00:00
1085,1,0,0,0,0,0,2022-02-13 13:32:09+00:00
1084,0,0,1,0,0,0,2022-02-13 13:34:04+00:00
1083,0,0,1,0,0,0,2022-02-13 13:34:21+00:00
1082,0,0,1,0,0,0,2022-02-13 13:37:30+00:00
1081,0,1,0,0,0,0,2022-02-13 13:40:33+00:00
1080,1,0,0,0,0,0,2022-02-13 13:40:59+00:00
1079,1,0,0,0,0,0,2022-02-13 13:41:28+00:00
1078,0,0,1,0,0,0,2022-02-13 13:43:25+00:00
1077,0,1,0,0,0,0,2022-02-13 13:44:48+00:00
1076,0,0,1,0,0,0,2022-02-13 13:44:59+00:00
1075,0,0,1,0,0,0,2022-02-13 13:51:24+00:00
1074,1,0,0,0,0,0,2022-02-13 13:51:39+00:00
1073,0,0,1,0,0,0,2022-02-13 13:55:04+00:00
1072,0,0,1,0,0,0,2022-02-13 13:56:53+00:00
1071,0,0,0,0,0,1,2022-02-13 13:59:45+00:00
1070,1,0,0,0,0,0,2022-02-13 14:06:15+00:00
1069,0,1,0,0,0,0,2022-02-13 14:06:24+00:00
1068,1,0,0,0,0,0,2022-02-13 14:12:17+00:00
1067,0,0,0,0,0,1,2022-02-13 14:12:32+00:00
1066,0,0,0,0,0,1,2022-02-13 14:14:58+00:00
1065,0,0,0,0,0,1,2022-02-13 14:16:15+00:00
1064,0,0,1,0,0,0,2022-02-13 14:17:32+00:00
1063,0,0,0,0,0,1,2022-02-13 14:20:29+00:00
1062,0,1,0,0,0,0,2022-02-13 14:20:56+00:00
1061,0,0,0,1,0,0,2022-02-13 14:22:26+00:00
1060,1,0,0,0,0,0,2022-02-13 14:24:32+00:00
1059,0,0,0,0,0,1,2022-02-13 14:25:15+00:00
1058,0,0,0,0,0,1,2022-02-13 14:32:13+00:00
1057,0,0,1,0,0,0,2022-02-13 14:37:19+00:00
1056,0,0,1,0,0,0,2022-02-13 14:37:39+00:00
1055,0,0,0,0,1,0,2022-02-13 14:40:08+00:00
1054,1,0,0,0,0,0,2022-02-13 14:42:11+00:00
1053,1,0,0,0,0,0,2022-02-13 14:53:08+00:00
1052,0,1,0,0,0,0,2022-02-13 15:37:26+00:00
1051,0,0,1,0,0,0,2022-02-13 17:32:55+00:00
1050,0,0,0,1,0,0,2022-02-14 10:45:28+00:00
1049,0,1,0,0,0,0,2022-02-14 16:32:30+00:00
1048,1,0,0,0,0,0,2022-02-15 14:50:34+00:00
1047,0,0,0,0,0,1,2022-02-15 15:52:39+00:00
1046,0,0,1,0,0,0,2022-02-15 15:54:48+00:00
1045,0,0,0,0,0,1,2022-02-15 18:57:53+00:00
1044,0,0,0,0,0,1,2022-02-15 19:00:33+00:00
1043,0,0,0,0,0,1,2022-02-15 19:04:09+00:00
1042,0,1,0,0,0,0,2022-02-15 19:09:19+00:00
1041,0,0,1,0,0,0,2022-02-15 19:12:24+00:00
1040,0,0,0,0,1,0,2022-02-15 19:14:32+00:00
1039,0,0,0,0,0,1,2022-02-15 19:16:37+00:00
1038,0,0,0,0,0,1,2022-02-15 19:19:13+00:00
1037,0,0,0,0,1,0,2022-02-15 19:20:46+00:00
1036,0,0,0,0,0,1,2022-02-15 19:24:52+00:00
1035,0,0,0,0,0,1,2022-02-15 19:26:52+00:00
1034,0,1,0,0,0,0,2022-02-15 19:28:18+00:00
1033,0,0,0,0,0,1,2022-02-15 19:29:16+00:00
1032,0,0,0,0,0,1,2022-02-15 19:30:44+00:00
1031,0,0,0,0,0,1,2022-02-15 19:31:35+00:00
1030,0,0,0,0,0,1,2022-02-15 19:32:18+00:00
1029,0,0,0,0,0,1,2022-02-15 19:33:45+00:00
1028,0,0,0,0,0,1,2022-02-15 19:35:55+00:00
1027,0,0,0,0,0,1,2022-02-15 19:44:16+00:00
1026,0,0,0,0,0,1,2022-02-15 19:44:58+00:00
1025,0,0,0,0,0,1,2022-02-15 19:46:34+00:00
1024,0,0,0,0,0,1,2022-02-15 19:48:17+00:00
1023,0,0,0,0,0,1,2022-02-15 19:48:52+00:00
1022,0,0,0,0,0,1,2022-02-15 19:53:36+00:00
1021,0,0,0,0,0,1,2022-02-15 19:59:19+00:00
1020,0,0,0,0,0,1,2022-02-15 20:05:46+00:00
1019,0,0,0,0,0,1,2022-02-15 20:16:20+00:00
1018,0,0,0,0,0,1,2022-02-15 20:17:51+00:00
1017,1,0,0,0,0,0,2022-02-15 20:20:59+00:00
1016,1,0,0,0,0,0,2022-02-15 20:23:38+00:00
1015,1,0,0,0,0,0,2022-02-15 20:31:30+00:00
1014,0,0,0,0,0,1,2022-02-15 20:40:30+00:00
1013,1,0,0,0,0,0,2022-02-15 20:44:23+00:00
1012,0,0,0,0,0,1,2022-02-15 20:56:10+00:00
1011,0,0,0,0,0,1,2022-02-15 20:57:48+00:00
1010,0,0,0,0,0,1,2022-02-16 09:54:01+00:00
1009,0,0,0,0,0,1,2022-02-16 14:57:31+00:00
1008,0,0,0,0,0,1,2022-02-16 15:26:47+00:00
1007,0,1,0,0,0,0,2022-02-16 17:28:20+00:00
1006,0,0,1,0,0,0,2022-02-16 20:27:44+00:00
1005,0,0,0,0,0,1,2022-02-17 09:06:44+00:00
1004,0,0,0,0,0,1,2022-02-17 12:22:50+00:00
1003,0,0,0,0,0,1,2022-02-17 20:06:01+00:00
1002,0,0,0,0,0,1,2022-02-17 20:07:37+00:00
1001,0,0,0,1,0,0,2022-02-17 20:15:01+00:00
1000,0,0,0,0,0,1,2022-02-17 20:16:02+00:00
999,0,1,0,0,0,0,2022-02-17 20:16:20+00:00
998,0,0,0,0,0,1,2022-02-17 20:18:44+00:00
997,0,1,0,0,0,0,2022-02-17 20:27:42+00:00
996,0,0,0,0,0,1,2022-02-17 20:39:38+00:00
995,0,0,0,0,0,1,2022-02-17 20:39:50+00:00
994,0,0,0,1,0,0,2022-02-17 20:40:09+00:00
993,1,0,0,0,0,0,2022-02-17 20:44:04+00:00
992,0,0,0,0,0,1,2022-02-17 20:48:18+00:00
991,0,0,0,0,0,1,2022-02-17 20:50:56+00:00
990,0,0,0,0,0,1,2022-02-17 20:54:14+00:00
989,0,0,0,0,0,1,2022-02-17 20:56:13+00:00
988,0,0,0,0,0,1,2022-02-17 20:57:16+00:00
987,0,0,0,0,0,1,2022-02-17 21:00:31+00:00
986,0,0,0,1,0,0,2022-02-17 21:01:13+00:00
985,0,0,0,0,0,1,2022-02-17 21:02:00+00:00
984,0,0,0,0,0,1,2022-02-17 21:05:05+00:00
983,0,0,0,0,0,1,2022-02-17 21:07:32+00:00
982,0,1,0,0,0,0,2022-02-17 21:10:55+00:00
981,1,0,0,0,0,0,2022-02-17 21:14:21+00:00
980,0,0,0,0,0,1,2022-02-17 21:15:04+00:00
979,0,0,0,0,0,1,2022-02-17 21:17:31+00:00
978,0,0,1,0,0,0,2022-02-17 21:19:38+00:00
977,1,0,0,0,0,0,2022-02-17 21:38:21+00:00
976,0,1,0,0,0,0,2022-02-17 21:41:23+00:00
975,0,0,1,0,0,0,2022-02-17 21:42:12+00:00
974,0,0,0,1,0,0,2022-02-17 21:50:07+00:00
973,0,1,0,0,0,0,2022-02-17 21:59:26+00:00
972,0,1,0,0,0,0,2022-02-17 21:59:45+00:00
971,0,0,0,0,0,1,2022-02-17 22:02:50+00:00
970,0,0,1,0,0,0,2022-02-17 22:04:32+00:00
969,0,1,0,0,0,0,2022-02-17 22:06:34+00:00
968,0,0,0,0,1,0,2022-02-17 22:10:17+00:00
967,0,1,0,0,0,0,2022-02-17 22:17:22+00:00
966,1,0,0,0,0,0,2022-02-17 22:18:45+00:00
965,0,0,0,0,0,1,2022-02-17 22:19:08+00:00
964,0,0,0,0,0,1,2022-02-17 22:20:07+00:00
963,0,1,0,0,0,0,2022-02-17 22:21:19+00:00
962,0,0,0,0,0,1,2022-02-17 22:26:22+00:00
961,0,0,0,0,0,1,2022-02-17 22:27:57+00:00
960,0,0,0,0,0,1,2022-02-17 22:32:18+00:00
959,0,0,0,0,0,1,2022-02-17 22:36:31+00:00
958,0,0,0,1,0,0,2022-02-17 22:36:55+00:00
957,0,0,0,0,0,1,2022-02-17 22:45:55+00:00
956,0,0,0,0,0,1,2022-02-17 22:53:43+00:00
955,0,0,1,0,0,0,2022-02-18 12:14:18+00:00
954,0,0,0,1,0,0,2022-02-18 16:30:43+00:00
953,0,1,0,0,0,0,2022-02-20 09:51:09+00:00
952,0,0,0,0,0,1,2022-02-20 11:14:42+00:00
951,0,0,1,0,0,0,2022-02-20 11:18:00+00:00
950,0,0,1,0,0,0,2022-02-20 11:18:57+00:00
949,0,0,0,0,0,1,2022-02-20 11:20:28+00:00
948,0,1,0,0,0,0,2022-02-20 11:21:23+00:00
947,0,0,0,0,0,1,2022-02-20 11:26:09+00:00
946,0,0,0,0,1,0,2022-02-20 11:30:05+00:00
945,0,0,0,0,0,1,2022-02-20 11:31:41+00:00
944,0,0,1,0,0,0,2022-02-20 11:32:34+00:00
943,0,0,1,0,0,0,2022-02-20 11:39:16+00:00
942,0,0,1,0,0,0,2022-02-20 11:39:25+00:00
941,0,0,0,0,0,1,2022-02-20 11:41:06+00:00
940,0,0,0,1,0,0,2022-02-20 11:44:24+00:00
939,0,0,0,0,0,1,2022-02-20 11:45:02+00:00
938,0,0,1,0,0,0,2022-02-20 11:48:46+00:00
937,0,0,0,0,0,1,2022-02-20 14:19:17+00:00
936,0,1,0,0,0,0,2022-02-20 14:25:43+00:00
935,0,0,0,0,0,1,2022-02-20 14:39:12+00:00
934,0,0,0,0,0,1,2022-02-21 10:37:13+00:00
933,0,1,0,0,0,0,2022-02-21 16:55:13+00:00
932,0,0,1,0,0,0,2022-02-21 17:55:48+00:00
931,0,0,1,0,0,0,2022-02-22 12:01:15+00:00
930,0,1,0,0,0,0,2022-02-22 12:35:14+00:00
929,0,0,1,0,0,0,2022-02-22 12:41:51+00:00
928,1,0,0,0,0,0,2022-02-22 12:46:00+00:00
927,0,0,0,0,0,1,2022-02-22 12:51:53+00:00
926,0,0,0,1,0,0,2022-02-22 12:56:32+00:00
925,0,0,0,0,0,1,2022-02-22 13:01:25+00:00
924,0,0,0,0,0,1,2022-02-22 13:04:57+00:00
923,0,1,0,0,0,0,2022-02-22 17:43:46+00:00
922,0,0,1,0,0,0,2022-02-22 17:44:39+00:00
921,1,0,0,0,0,0,2022-02-22 17:50:12+00:00
920,0,1,0,0,0,0,2022-02-22 17:50:40+00:00
919,0,1,0,0,0,0,2022-02-22 17:51:51+00:00
918,0,0,0,0,0,1,2022-02-24 06:35:30+00:00
917,0,0,0,1,0,0,2022-02-24 09:32:59+00:00
916,0,1,0,0,0,0,2022-02-24 13:35:04+00:00
915,0,0,0,0,0,1,2022-02-24 13:36:37+00:00
914,0,0,0,0,0,1,2022-02-24 13:38:55+00:00
913,0,0,0,0,0,1,2022-02-24 13:42:15+00:00
912,0,0,0,0,0,1,2022-02-24 15:13:25+00:00
911,0,0,0,0,0,1,2022-02-24 15:15:01+00:00
910,1,0,0,0,0,0,2022-02-24 15:33:34+00:00
909,0,0,0,0,0,1,2022-02-24 15:35:35+00:00
908,0,0,0,0,0,1,2022-02-24 15:36:53+00:00
907,0,0,0,0,0,1,2022-02-24 15:41:20+00:00
906,0,0,0,1,0,0,2022-02-24 15:44:31+00:00
905,1,0,0,0,0,0,2022-02-24 15:51:52+00:00
904,0,1,0,0,0,0,2022-02-24 15:57:19+00:00
903,0,0,0,0,0,1,2022-02-24 18:30:07+00:00
902,1,0,0,0,0,0,2022-02-24 20:29:04+00:00
901,0,0,0,0,0,1,2022-02-24 20:30:42+00:00
900,0,1,0,0,0,0,2022-02-24 20:31:18+00:00
899,0,0,0,0,0,1,2022-02-24 20:39:33+00:00
898,1,0,0,0,0,0,2022-02-24 21:22:24+00:00
897,0,0,0,0,0,1,2022-02-25 07:12:48+00:00
896,0,0,0,0,0,1,2022-02-25 07:38:26+00:00
895,0,0,0,0,0,1,2022-02-25 07:43:25+00:00
894,0,0,0,0,0,1,2022-02-25 07:44:53+00:00
893,0,0,0,0,0,1,2022-02-25 07:45:42+00:00
892,0,0,0,0,0,1,2022-02-25 07:47:25+00:00
891,0,0,0,0,1,0,2022-02-25 07:49:08+00:00
890,0,1,0,0,0,0,2022-02-25 07:50:08+00:00
889,0,0,0,1,0,0,2022-02-25 07:52:09+00:00
888,0,0,0,0,0,1,2022-02-25 07:58:31+00:00
887,0,0,0,0,0,1,2022-02-25 07:59:57+00:00
886,0,0,0,0,0,1,2022-02-25 08:05:11+00:00
885,0,0,0,0,0,1,2022-02-25 08:17:32+00:00
884,0,0,0,0,0,1,2022-02-25 08:17:38+00:00
883,0,0,0,0,0,1,2022-02-25 08:33:59+00:00
882,0,0,0,0,0,1,2022-02-25 08:54:30+00:00
881,0,0,0,0,0,1,2022-02-25 08:58:31+00:00
880,0,0,0,0,0,1,2022-02-25 08:59:02+00:00
879,0,0,0,0,0,1,2022-02-25 09:20:23+00:00
878,0,0,0,0,0,1,2022-02-25 15:15:21+00:00
877,0,1,0,0,0,0,2022-02-25 15:19:34+00:00
876,0,0,0,0,0,1,2022-02-25 15:24:20+00:00
875,1,0,0,0,0,0,2022-02-25 15:25:56+00:00
874,0,0,0,1,0,0,2022-02-25 15:32:41+00:00
873,0,0,0,0,0,1,2022-02-25 15:43:20+00:00
872,0,0,1,0,0,0,2022-02-26 07:05:01+00:00
871,0,1,0,0,0,0,2022-02-26 10:07:57+00:00
870,0,0,1,0,0,0,2022-02-26 11:26:32+00:00
869,1,0,0,0,0,0,2022-02-26 11:31:36+00:00
868,1,0,0,0,0,0,2022-02-26 11:34:18+00:00
867,0,1,0,0,0,0,2022-02-26 11:38:12+00:00
866,0,1,0,0,0,0,2022-02-26 11:41:45+00:00
865,0,0,1,0,0,0,2022-02-26 11:46:39+00:00
864,0,1,0,0,0,0,2022-02-26 11:49:51+00:00
863,0,0,1,0,0,0,2022-02-26 11:57:47+00:00
862,0,0,0,0,1,0,2022-02-26 12:03:09+00:00
861,0,1,0,0,0,0,2022-02-26 12:05:14+00:00
860,0,1,0,0,0,0,2022-02-26 12:08:58+00:00
859,0,1,0,0,0,0,2022-02-26 12:12:21+00:00
858,0,0,0,0,0,1,2022-02-26 12:14:38+00:00
857,0,0,0,1,0,0,2022-02-26 12:19:03+00:00
856,0,1,0,0,0,0,2022-02-26 12:25:48+00:00
855,0,0,1,0,0,0,2022-02-26 12:35:15+00:00
854,1,0,0,0,0,0,2022-02-26 12:36:08+00:00
853,0,0,1,0,0,0,2022-02-26 12:39:32+00:00
852,0,0,1,0,0,0,2022-02-26 12:46:19+00:00
851,0,1,0,0,0,0,2022-02-26 12:48:13+00:00
850,0,0,1,0,0,0,2022-02-26 12:56:46+00:00
849,0,0,1,0,0,0,2022-02-26 12:59:57+00:00
848,0,0,1,0,0,0,2022-02-26 13:06:07+00:00
847,1,0,0,0,0,0,2022-02-26 13:17:40+00:00
846,0,1,0,0,0,0,2022-02-26 13:19:27+00:00
845,0,1,0,0,0,0,2022-02-26 13:21:17+00:00
844,0,0,1,0,0,0,2022-02-26 13:22:18+00:00
843,0,1,0,0,0,0,2022-02-26 13:26:09+00:00
842,0,0,1,0,0,0,2022-02-26 13:29:57+00:00
841,0,0,0,0,1,0,2022-02-26 13:31:09+00:00
840,0,0,0,0,0,1,2022-02-26 13:35:22+00:00
839,0,0,1,0,0,0,2022-02-26 13:38:29+00:00
838,0,0,0,0,0,1,2022-02-26 13:41:32+00:00
837,0,0,0,1,0,0,2022-02-26 13:42:35+00:00
836,0,0,1,0,0,0,2022-02-26 13:43:24+00:00
835,0,0,0,0,0,1,2022-02-26 13:55:37+00:00
834,0,0,0,0,0,1,2022-02-26 13:55:44+00:00
833,0,1,0,0,0,0,2022-02-26 13:59:42+00:00
832,0,0,1,0,0,0,2022-02-26 14:00:06+00:00
831,0,0,0,0,1,0,2022-02-26 14:24:16+00:00
830,0,0,0,0,1,0,2022-02-26 16:36:02+00:00
829,0,0,0,0,1,0,2022-02-28 13:26:26+00:00
828,1,0,0,0,0,0,2022-02-28 14:30:59+00:00
827,0,0,0,0,1,0,2022-03-01 14:49:55+00:00
826,0,0,0,0,1,0,2022-03-01 15:24:33+00:00
825,0,1,0,0,0,0,2022-03-01 15:27:00+00:00
824,1,0,0,0,0,0,2022-03-01 15:28:16+00:00
823,0,0,1,0,0,0,2022-03-01 15:29:27+00:00
822,0,1,0,0,0,0,2022-03-01 15:30:01+00:00
821,0,1,0,0,0,0,2022-03-01 15:30:17+00:00
820,0,1,0,0,0,0,2022-03-01 15:31:20+00:00
819,0,1,0,0,0,0,2022-03-01 15:32:26+00:00
818,0,1,0,0,0,0,2022-03-01 15:33:00+00:00
817,0,1,0,0,0,0,2022-03-01 15:33:41+00:00
816,0,1,0,0,0,0,2022-03-01 15:34:57+00:00
815,1,0,0,0,0,0,2022-03-01 15:36:44+00:00
814,0,0,0,1,0,0,2022-03-01 15:37:26+00:00
813,0,0,0,0,1,0,2022-03-01 15:38:58+00:00
812,0,0,0,1,0,0,2022-03-01 15:40:11+00:00
811,0,0,0,0,1,0,2022-03-01 15:40:41+00:00
810,0,0,0,0,0,1,2022-03-02 15:54:18+00:00
809,0,1,0,0,0,0,2022-03-02 17:04:09+00:00
808,0,1,0,0,0,0,2022-03-02 17:26:37+00:00
807,0,0,1,0,0,0,2022-03-02 19:44:13+00:00
806,0,0,0,1,0,0,2022-03-02 19:46:46+00:00
805,0,0,0,0,0,1,2022-03-02 19:50:47+00:00
804,0,0,0,0,0,1,2022-03-02 19:52:33+00:00
803,0,1,0,0,0,0,2022-03-02 19:54:09+00:00
802,0,0,1,0,0,0,2022-03-02 19:56:28+00:00
801,0,1,0,0,0,0,2022-03-02 20:10:44+00:00
800,0,1,0,0,0,0,2022-03-02 20:12:43+00:00
799,0,0,0,0,0,1,2022-03-02 20:15:29+00:00
798,0,0,1,0,0,0,2022-03-02 20:17:02+00:00
797,0,0,1,0,0,0,2022-03-02 20:53:57+00:00
796,0,0,1,0,0,0,2022-03-03 12:47:22+00:00
795,0,0,0,0,0,1,2022-03-03 20:11:28+00:00
794,0,1,0,0,0,0,2022-03-04 08:41:35+00:00
793,0,1,0,0,0,0,2022-03-04 17:08:48+00:00
792,0,0,0,0,0,1,2022-03-05 17:05:16+00:00
791,0,0,0,0,0,1,2022-03-06 14:06:23+00:00
790,0,0,1,0,0,0,2022-03-06 14:19:12+00:00
789,0,0,0,0,0,1,2022-03-06 14:31:32+00:00
788,0,0,0,0,0,1,2022-03-06 14:35:30+00:00
787,0,1,0,0,0,0,2022-03-06 14:35:52+00:00
786,0,0,0,0,0,1,2022-03-06 14:38:31+00:00
785,0,0,0,0,0,1,2022-03-06 14:41:05+00:00
784,0,0,0,0,0,1,2022-03-06 14:42:57+00:00
783,0,1,0,0,0,0,2022-03-06 14:45:36+00:00
782,0,0,1,0,0,0,2022-03-06 14:46:38+00:00
781,0,1,0,0,0,0,2022-03-06 14:49:13+00:00
780,0,1,0,0,0,0,2022-03-06 14:49:42+00:00
779,0,1,0,0,0,0,2022-03-06 14:51:23+00:00
778,0,1,0,0,0,0,2022-03-06 14:54:12+00:00
777,1,0,0,0,0,0,2022-03-06 14:55:57+00:00
776,0,1,0,0,0,0,2022-03-06 14:57:31+00:00
775,1,0,0,0,0,0,2022-03-06 14:57:55+00:00
774,0,1,0,0,0,0,2022-03-06 15:01:32+00:00
773,0,1,0,0,0,0,2022-03-06 15:01:49+00:00
772,0,1,0,0,0,0,2022-03-06 15:03:01+00:00
771,0,1,0,0,0,0,2022-03-06 15:04:24+00:00
770,0,0,0,1,0,0,2022-03-06 15:06:24+00:00
769,0,1,0,0,0,0,2022-03-06 15:08:20+00:00
768,0,0,0,0,1,0,2022-03-06 15:10:13+00:00
767,0,0,1,0,0,0,2022-03-06 15:10:38+00:00
766,0,0,0,1,0,0,2022-03-06 15:11:34+00:00
765,0,1,0,0,0,0,2022-03-06 15:11:54+00:00
764,0,1,0,0,0,0,2022-03-06 15:13:17+00:00
763,0,0,0,0,0,1,2022-03-06 15:14:37+00:00
762,0,0,0,0,0,1,2022-03-06 15:17:22+00:00
761,0,1,0,0,0,0,2022-03-06 15:24:16+00:00
760,0,1,0,0,0,0,2022-03-06 15:26:24+00:00
759,0,0,0,0,1,0,2022-03-06 15:32:14+00:00
758,0,1,0,0,0,0,2022-03-06 15:32:52+00:00
757,0,1,0,0,0,0,2022-03-06 15:36:59+00:00
756,0,1,0,0,0,0,2022-03-06 15:39:43+00:00
755,0,0,0,0,1,0,2022-03-06 15:39:48+00:00
754,0,1,0,0,0,0,2022-03-06 15:40:01+00:00
753,0,1,0,0,0,0,2022-03-06 15:40:07+00:00
752,1,0,0,0,0,0,2022-03-06 15:47:27+00:00
751,0,0,1,0,0,0,2022-03-06 16:00:15+00:00
750,0,1,0,0,0,0,2022-03-06 19:27:41+00:00
749,0,1,0,0,0,0,2022-03-07 13:07:40+00:00
748,0,1,0,0,0,0,2022-03-07 13:17:46+00:00
747,0,1,0,0,0,0,2022-03-07 15:01:01+00:00
746,0,1,0,0,0,0,2022-03-07 20:12:21+00:00
745,0,1,0,0,0,0,2022-03-07 20:27:53+00:00
744,0,1,0,0,0,0,2022-03-07 20:29:17+00:00
743,0,0,1,0,0,0,2022-03-07 20:33:35+00:00
742,1,0,0,0,0,0,2022-03-07 20:38:05+00:00
741,0,1,0,0,0,0,2022-03-07 20:39:38+00:00
740,0,0,1,0,0,0,2022-03-07 20:41:41+00:00
739,0,0,0,1,0,0,2022-03-07 20:43:24+00:00
738,0,1,0,0,0,0,2022-03-07 20:44:20+00:00
737,0,1,0,0,0,0,2022-03-07 20:51:33+00:00
736,0,1,0,0,0,0,2022-03-07 20:57:29+00:00
735,0,0,0,0,0,1,2022-03-07 20:57:39+00:00
734,1,0,0,0,0,0,2022-03-07 21:01:54+00:00
733,0,1,0,0,0,0,2022-03-07 21:07:12+00:00
732,0,1,0,0,0,0,2022-03-07 21:17:30+00:00
731,0,1,0,0,0,0,2022-03-07 21:23:11+00:00
730,0,1,0,0,0,0,2022-03-07 21:28:53+00:00
729,0,0,1,0,0,0,2022-03-08 08:23:37+00:00
728,0,1,0,0,0,0,2022-03-08 11:03:49+00:00
727,0,0,0,0,0,1,2022-03-08 14:18:25+00:00
726,0,0,0,0,0,1,2022-03-08 17:10:24+00:00
725,1,0,0,0,0,0,2022-03-09 10:13:49+00:00
724,1,0,0,0,0,0,2022-03-09 12:37:16+00:00
723,0,0,1,0,0,0,2022-03-09 12:40:21+00:00
722,0,0,0,0,0,1,2022-03-09 12:42:13+00:00
721,0,1,0,0,0,0,2022-03-09 12:44:12+00:00
720,0,0,0,0,0,1,2022-03-09 12:48:25+00:00
719,0,0,1,0,0,0,2022-03-09 12:51:51+00:00
718,0,1,0,0,0,0,2022-03-09 12:53:48+00:00
717,0,1,0,0,0,0,2022-03-09 13:05:06+00:00
716,0,0,0,0,1,0,2022-03-09 13:13:55+00:00
715,0,0,0,0,0,1,2022-03-09 13:19:17+00:00
714,0,1,0,0,0,0,2022-03-09 13:20:59+00:00
713,1,0,0,0,0,0,2022-03-09 13:36:33+00:00
712,0,0,1,0,0,0,2022-03-09 15:55:34+00:00
711,0,0,0,0,1,0,2022-03-09 18:01:06+00:00
710,0,0,0,0,0,1,2022-03-10 08:46:55+00:00
709,0,0,0,0,0,1,2022-03-10 09:37:27+00:00
708,0,1,0,0,0,0,2022-03-10 10:06:45+00:00
707,0,0,0,1,0,0,2022-03-10 10:07:40+00:00
706,0,0,0,1,0,0,2022-03-10 10:10:12+00:00
705,0,1,0,0,0,0,2022-03-10 10:11:58+00:00
704,0,1,0,0,0,0,2022-03-10 10:17:59+00:00
703,0,0,1,0,0,0,2022-03-10 10:19:23+00:00
702,0,1,0,0,0,0,2022-03-10 10:22:42+00:00
701,0,0,0,1,0,0,2022-03-10 10:29:23+00:00
700,0,0,1,0,0,0,2022-03-10 10:29:42+00:00
699,0,0,1,0,0,0,2022-03-10 10:35:18+00:00
698,0,0,1,0,0,0,2022-03-10 10:40:56+00:00
697,0,0,1,0,0,0,2022-03-10 10:42:43+00:00
696,0,0,1,0,0,0,2022-03-10 10:45:03+00:00
695,1,0,0,0,0,0,2022-03-10 10:45:47+00:00
694,0,0,0,1,0,0,2022-03-10 10:46:39+00:00
693,1,0,0,0,0,0,2022-03-10 10:49:06+00:00
692,0,0,0,1,0,0,2022-03-10 10:50:31+00:00
691,0,0,0,0,0,1,2022-03-10 10:53:39+00:00
690,0,1,0,0,0,0,2022-03-10 10:55:44+00:00
689,0,1,0,0,0,0,2022-03-10 10:56:32+00:00
688,0,1,0,0,0,0,2022-03-10 10:57:41+00:00
687,1,0,0,0,0,0,2022-03-10 10:58:20+00:00
686,0,0,1,0,0,0,2022-03-10 11:02:59+00:00
685,0,0,0,0,0,1,2022-03-10 11:05:49+00:00
684,0,1,0,0,0,0,2022-03-10 11:20:18+00:00
683,0,0,0,1,0,0,2022-03-10 16:06:35+00:00
682,0,1,0,0,0,0,2022-03-10 18:32:48+00:00
681,0,0,1,0,0,0,2022-03-11 10:37:37+00:00
680,0,0,0,1,0,0,2022-03-11 12:37:20+00:00
679,0,1,0,0,0,0,2022-03-11 14:57:55+00:00
678,0,1,0,0,0,0,2022-03-12 13:38:16+00:00
677,0,1,0,0,0,0,2022-03-12 13:51:37+00:00
676,0,0,0,0,0,1,2022-03-12 14:42:12+00:00
675,1,0,0,0,0,0,2022-03-12 15:59:18+00:00
674,0,0,0,0,0,1,2022-03-12 16:05:33+00:00
673,0,0,0,0,0,1,2022-03-12 16:09:43+00:00
672,0,1,0,0,0,0,2022-03-12 16:11:40+00:00
671,1,0,0,0,0,0,2022-03-12 16:14:15+00:00
670,0,0,0,0,0,1,2022-03-12 16:15:34+00:00
669,1,0,0,0,0,0,2022-03-12 16:17:46+00:00
668,0,1,0,0,0,0,2022-03-12 16:20:30+00:00
667,1,0,0,0,0,0,2022-03-12 16:26:16+00:00
666,0,0,0,0,1,0,2022-03-12 16:28:49+00:00
665,0,0,0,0,0,1,2022-03-12 16:35:52+00:00
664,0,0,1,0,0,0,2022-03-12 16:42:12+00:00
663,0,0,0,0,1,0,2022-03-12 16:46:49+00:00
662,1,0,0,0,0,0,2022-03-12 16:47:29+00:00
661,0,1,0,0,0,0,2022-03-12 16:48:34+00:00
660,0,0,0,1,0,0,2022-03-12 16:56:30+00:00
659,0,0,1,0,0,0,2022-03-12 17:00:18+00:00
658,0,0,0,0,1,0,2022-03-12 17:01:11+00:00
657,1,0,0,0,0,0,2022-03-12 17:06:02+00:00
656,0,1,0,0,0,0,2022-03-12 17:06:31+00:00
655,0,0,0,0,1,0,2022-03-12 17:07:00+00:00
654,0,0,0,0,1,0,2022-03-12 17:07:53+00:00
653,0,0,0,1,0,0,2022-03-12 17:11:38+00:00
652,0,0,0,0,1,0,2022-03-12 17:12:42+00:00
651,0,0,0,0,1,0,2022-03-12 17:17:14+00:00
650,0,1,0,0,0,0,2022-03-12 17:23:45+00:00
649,0,0,0,0,1,0,2022-03-12 17:26:59+00:00
648,0,1,0,0,0,0,2022-03-12 17:27:58+00:00
647,1,0,0,0,0,0,2022-03-12 17:29:05+00:00
646,1,0,0,0,0,0,2022-03-12 17:30:54+00:00
645,1,0,0,0,0,0,2022-03-12 17:33:31+00:00
644,1,0,0,0,0,0,2022-03-12 17:36:06+00:00
643,1,0,0,0,0,0,2022-03-12 17:38:51+00:00
642,0,0,1,0,0,0,2022-03-12 17:39:52+00:00
641,1,0,0,0,0,0,2022-03-12 17:41:08+00:00
640,1,0,0,0,0,0,2022-03-12 17:42:16+00:00
639,0,1,0,0,0,0,2022-03-12 17:43:45+00:00
638,0,1,0,0,0,0,2022-03-12 17:48:46+00:00
637,0,0,1,0,0,0,2022-03-12 17:52:34+00:00
636,0,0,0,1,0,0,2022-03-12 17:56:28+00:00
635,0,1,0,0,0,0,2022-03-12 17:56:35+00:00
634,0,1,0,0,0,0,2022-03-12 17:57:14+00:00
633,0,0,0,0,0,1,2022-03-12 17:58:37+00:00
632,0,0,0,1,0,0,2022-03-12 17:59:02+00:00
631,1,0,0,0,0,0,2022-03-12 18:01:26+00:00
630,0,0,0,0,1,0,2022-03-12 18:03:26+00:00
629,1,0,0,0,0,0,2022-03-12 18:04:41+00:00
628,0,1,0,0,0,0,2022-03-12 18:07:10+00:00
627,0,0,1,0,0,0,2022-03-12 18:13:48+00:00
626,0,0,0,0,0,1,2022-03-12 18:20:23+00:00
625,0,0,0,0,0,1,2022-03-12 18:20:30+00:00
624,0,0,0,0,0,1,2022-03-12 18:22:20+00:00
623,0,0,0,0,0,1,2022-03-12 18:22:37+00:00
622,0,0,0,0,1,0,2022-03-12 18:29:40+00:00
621,0,0,1,0,0,0,2022-03-12 18:32:30+00:00
620,0,0,0,1,0,0,2022-03-12 18:37:48+00:00
619,0,1,0,0,0,0,2022-03-12 18:39:47+00:00
618,0,0,1,0,0,0,2022-03-12 18:40:59+00:00
617,0,0,1,0,0,0,2022-03-12 18:43:52+00:00
616,0,0,0,1,0,0,2022-03-12 18:52:41+00:00
615,0,0,0,1,0,0,2022-03-12 19:03:31+00:00
614,0,1,0,0,0,0,2022-03-12 19:07:10+00:00
613,0,0,0,0,0,1,2022-03-12 19:14:34+00:00
612,0,0,1,0,0,0,2022-03-12 19:16:35+00:00
611,1,0,0,0,0,0,2022-03-12 19:17:41+00:00
610,0,0,1,0,0,0,2022-03-12 19:22:01+00:00
609,0,0,0,0,0,1,2022-03-12 19:23:02+00:00
608,0,0,1,0,0,0,2022-03-12 19:26:41+00:00
607,1,0,0,0,0,0,2022-03-12 19:33:02+00:00
606,1,0,0,0,0,0,2022-03-13 09:28:22+00:00
605,0,0,1,0,0,0,2022-03-13 16:51:21+00:00
604,0,0,0,0,1,0,2022-03-13 17:12:58+00:00
603,0,0,1,0,0,0,2022-03-13 20:48:40+00:00
602,1,0,0,0,0,0,2022-03-14 12:51:12+00:00
601,0,0,0,0,1,0,2022-03-14 19:43:24+00:00
600,0,1,0,0,0,0,2022-03-14 19:44:28+00:00
599,0,0,1,0,0,0,2022-03-14 19:46:47+00:00
598,0,1,0,0,0,0,2022-03-14 19:53:59+00:00
597,0,0,0,1,0,0,2022-03-14 20:00:01+00:00
596,0,0,0,0,1,0,2022-03-14 20:18:53+00:00
595,0,0,0,0,1,0,2022-03-14 21:08:46+00:00
594,0,1,0,0,0,0,2022-03-14 21:14:25+00:00
593,0,0,0,0,1,0,2022-03-14 21:16:45+00:00
592,1,0,0,0,0,0,2022-03-14 21:18:47+00:00
591,0,1,0,0,0,0,2022-03-14 21:24:15+00:00
590,0,0,0,0,1,0,2022-03-14 21:27:45+00:00
589,0,1,0,0,0,0,2022-03-14 21:32:46+00:00
588,0,1,0,0,0,0,2022-03-14 21:37:50+00:00
587,0,0,1,0,0,0,2022-03-14 21:39:32+00:00
586,0,1,0,0,0,0,2022-03-14 21:48:30+00:00
585,0,1,0,0,0,0,2022-03-14 21:50:23+00:00
584,0,0,0,0,1,0,2022-03-14 21:54:47+00:00
583,0,0,0,0,0,1,2022-03-14 21:58:31+00:00
582,0,1,0,0,0,0,2022-03-14 22:23:33+00:00
581,0,0,0,0,1,0,2022-03-14 22:27:35+00:00
580,0,1,0,0,0,0,2022-03-14 22:29:03+00:00
579,0,0,0,0,0,1,2022-03-14 22:30:29+00:00
578,0,1,0,0,0,0,2022-03-14 22:31:59+00:00
577,0,0,1,0,0,0,2022-03-14 22:37:45+00:00
576,0,0,0,1,0,0,2022-03-14 22:40:43+00:00
575,0,0,0,0,0,1,2022-03-14 22:58:59+00:00
574,1,0,0,0,0,0,2022-03-15 15:20:11+00:00
573,0,0,0,1,0,0,2022-03-15 15:23:23+00:00
572,0,0,0,0,0,1,2022-03-15 15:25:08+00:00
571,0,0,0,0,0,1,2022-03-15 15:30:05+00:00
570,0,0,1,0,0,0,2022-03-15 15:30:58+00:00
569,0,0,0,0,0,1,2022-03-15 15:33:27+00:00
568,0,0,1,0,0,0,2022-03-15 15:38:55+00:00
567,0,0,0,0,0,1,2022-03-15 15:47:59+00:00
566,0,0,0,1,0,0,2022-03-15 16:01:40+00:00
565,0,1,0,0,0,0,2022-03-16 11:39:15+00:00
564,0,0,0,0,0,1,2022-03-16 11:41:36+00:00
563,0,0,0,0,0,1,2022-03-16 11:42:08+00:00
562,0,1,0,0,0,0,2022-03-16 11:45:03+00:00
561,0,1,0,0,0,0,2022-03-16 11:46:37+00:00
560,1,0,0,0,0,0,2022-03-16 11:48:08+00:00
559,0,0,0,0,1,0,2022-03-16 11:50:00+00:00
558,0,1,0,0,0,0,2022-03-16 11:51:15+00:00
557,0,0,1,0,0,0,2022-03-16 11:52:19+00:00
556,0,1,0,0,0,0,2022-03-16 11:53:48+00:00
555,0,0,1,0,0,0,2022-03-16 11:55:36+00:00
554,0,0,0,0,0,1,2022-03-16 11:56:14+00:00
553,0,1,0,0,0,0,2022-03-16 11:57:36+00:00
552,0,0,0,0,0,1,2022-03-16 11:58:58+00:00
551,0,0,0,0,0,1,2022-03-16 12:00:06+00:00
550,1,0,0,0,0,0,2022-03-16 12:02:51+00:00
549,0,0,1,0,0,0,2022-03-16 12:03:35+00:00
548,0,0,0,1,0,0,2022-03-16 12:06:12+00:00
547,0,0,0,1,0,0,2022-03-16 12:09:25+00:00
546,0,0,0,1,0,0,2022-03-16 12:11:21+00:00
545,0,0,0,0,0,1,2022-03-16 12:13:32+00:00
544,0,0,0,1,0,0,2022-03-16 12:15:25+00:00
543,0,0,0,0,1,0,2022-03-16 12:26:46+00:00
542,0,0,0,1,0,0,2022-03-16 12:40:33+00:00
541,0,0,0,1,0,0,2022-03-16 12:40:44+00:00
540,1,0,0,0,0,0,2022-03-16 15:48:50+00:00
539,0,0,0,0,0,1,2022-03-16 18:06:00+00:00
538,0,0,0,1,0,0,2022-03-17 18:06:48+00:00
537,0,0,0,0,0,1,2022-03-18 12:55:34+00:00
536,1,0,0,0,0,0,2022-03-18 14:38:09+00:00
535,0,0,0,0,0,1,2022-03-18 16:30:41+00:00
534,0,0,0,0,0,1,2022-03-19 13:56:04+00:00
533,0,1,0,0,0,0,2022-03-19 17:40:40+00:00
532,1,0,0,0,0,0,2022-03-20 11:25:47+00:00
531,0,1,0,0,0,0,2022-03-20 11:29:30+00:00
530,0,0,0,0,0,1,2022-03-20 11:30:33+00:00
529,1,0,0,0,0,0,2022-03-20 11:30:59+00:00
528,0,0,0,0,1,0,2022-03-20 11:32:08+00:00
527,0,0,0,0,0,1,2022-03-20 11:39:48+00:00
526,0,1,0,0,0,0,2022-03-20 11:41:18+00:00
525,0,0,0,0,0,1,2022-03-20 11:42:53+00:00
524,0,0,0,0,0,1,2022-03-20 11:43:54+00:00
523,0,0,0,0,0,1,2022-03-20 14:31:46+00:00
522,0,0,0,0,0,1,2022-03-20 14:42:31+00:00
521,1,0,0,0,0,0,2022-03-20 14:47:57+00:00
520,0,1,0,0,0,0,2022-03-20 14:50:44+00:00
519,0,0,0,0,0,1,2022-03-20 14:51:32+00:00
518,0,0,0,1,0,0,2022-03-20 14:52:37+00:00
517,0,0,0,0,0,1,2022-03-20 14:53:13+00:00
516,0,0,0,0,0,1,2022-03-20 14:54:08+00:00
515,0,0,0,1,0,0,2022-03-20 14:55:58+00:00
514,0,0,0,0,0,1,2022-03-20 14:57:02+00:00
513,0,0,0,0,0,1,2022-03-20 14:59:03+00:00
512,0,0,0,0,0,1,2022-03-20 15:00:07+00:00
511,0,0,0,0,0,1,2022-03-20 15:01:10+00:00
510,0,1,0,0,0,0,2022-03-20 15:04:29+00:00
509,0,0,0,0,0,1,2022-03-20 15:05:36+00:00
508,0,1,0,0,0,0,2022-03-20 15:06:10+00:00
507,0,0,0,0,0,1,2022-03-20 15:12:43+00:00
506,0,0,0,0,0,1,2022-03-20 15:13:59+00:00
505,0,1,0,0,0,0,2022-03-20 15:15:21+00:00
504,0,0,0,0,0,1,2022-03-20 15:16:45+00:00
503,0,0,0,0,0,1,2022-03-20 15:16:46+00:00
502,0,1,0,0,0,0,2022-03-20 15:19:22+00:00
501,1,0,0,0,0,0,2022-03-20 15:19:57+00:00
500,1,0,0,0,0,0,2022-03-20 15:20:42+00:00
499,1,0,0,0,0,0,2022-03-20 15:21:58+00:00
498,0,0,0,0,0,1,2022-03-20 15:23:01+00:00
497,0,1,0,0,0,0,2022-03-20 15:25:16+00:00
496,0,0,0,0,0,1,2022-03-20 15:27:25+00:00
495,0,0,0,0,0,1,2022-03-20 15:29:19+00:00
494,1,0,0,0,0,0,2022-03-20 15:33:44+00:00
493,0,0,0,0,0,1,2022-03-20 15:34:00+00:00
492,0,0,0,0,0,1,2022-03-20 15:36:12+00:00
491,1,0,0,0,0,0,2022-03-20 15:37:07+00:00
490,0,0,0,0,0,1,2022-03-20 15:40:35+00:00
489,0,0,0,0,0,1,2022-03-20 15:42:16+00:00
488,1,0,0,0,0,0,2022-03-20 15:43:43+00:00
487,0,1,0,0,0,0,2022-03-20 15:45:02+00:00
486,1,0,0,0,0,0,2022-03-20 15:47:06+00:00
485,0,1,0,0,0,0,2022-03-20 15:48:52+00:00
484,0,1,0,0,0,0,2022-03-20 15:51:25+00:00
483,0,0,0,1,0,0,2022-03-20 15:55:31+00:00
482,0,0,0,1,0,0,2022-03-20 16:03:04+00:00
481,1,0,0,0,0,0,2022-03-21 10:38:55+00:00
480,0,0,1,0,0,0,2022-03-21 17:21:52+00:00
479,0,1,0,0,0,0,2022-03-21 19:25:04+00:00
478,0,1,0,0,0,0,2022-03-22 10:04:46+00:00
477,1,0,0,0,0,0,2022-03-22 10:38:24+00:00
476,0,0,0,0,0,1,2022-03-22 14:07:28+00:00
475,1,0,0,0,0,0,2022-03-22 14:39:32+00:00
474,0,1,0,0,0,0,2022-03-22 19:59:09+00:00
473,0,0,0,0,1,0,2022-03-23 08:08:29+00:00
472,0,0,0,0,0,1,2022-03-23 14:29:04+00:00
471,0,0,0,0,1,0,2022-03-23 15:56:06+00:00
470,0,0,0,0,0,1,2022-03-23 19:35:00+00:00
469,0,0,0,0,0,1,2022-03-23 19:37:07+00:00
468,0,0,0,0,0,1,2022-03-23 19:39:04+00:00
467,0,0,0,0,0,1,2022-03-23 19:40:41+00:00
466,0,0,0,0,0,1,2022-03-23 19:43:41+00:00
465,0,0,0,1,0,0,2022-03-23 19:44:27+00:00
464,1,0,0,0,0,0,2022-03-23 19:47:29+00:00
463,1,0,0,0,0,0,2022-03-23 19:55:15+00:00
462,1,0,0,0,0,0,2022-03-23 20:01:09+00:00
461,1,0,0,0,0,0,2022-03-24 10:40:43+00:00
460,0,0,0,1,0,0,2022-03-24 13:13:51+00:00
459,0,0,1,0,0,0,2022-03-24 14:19:48+00:00
458,0,1,0,0,0,0,2022-03-24 15:37:08+00:00
457,0,0,0,0,1,0,2022-03-24 17:02:29+00:00
456,0,0,1,0,0,0,2022-03-24 19:31:27+00:00
455,0,0,1,0,0,0,2022-03-24 19:34:17+00:00
454,0,0,0,1,0,0,2022-03-24 19:35:33+00:00
453,0,0,0,0,1,0,2022-03-24 19:39:24+00:00
452,0,1,0,0,0,0,2022-03-24 19:40:39+00:00
451,0,0,0,0,1,0,2022-03-24 19:42:53+00:00
450,0,1,0,0,0,0,2022-03-24 19:44:02+00:00
449,0,0,0,0,0,1,2022-03-24 19:47:02+00:00
448,0,1,0,0,0,0,2022-03-24 19:48:54+00:00
447,0,0,0,0,0,1,2022-03-24 19:50:55+00:00
446,0,1,0,0,0,0,2022-03-24 19:52:31+00:00
445,0,0,0,0,1,0,2022-03-24 19:53:55+00:00
444,0,1,0,0,0,0,2022-03-24 19:55:51+00:00
443,0,1,0,0,0,0,2022-03-24 19:57:24+00:00
442,0,0,0,0,1,0,2022-03-24 19:58:16+00:00
441,0,0,0,1,0,0,2022-03-24 20:00:16+00:00
440,0,0,0,1,0,0,2022-03-24 20:02:43+00:00
439,0,1,0,0,0,0,2022-03-24 20:07:19+00:00
438,0,0,0,1,0,0,2022-03-24 20:09:58+00:00
437,1,0,0,0,0,0,2022-03-24 20:10:49+00:00
436,0,0,0,1,0,0,2022-03-24 20:12:18+00:00
435,0,0,1,0,0,0,2022-03-24 20:18:56+00:00
434,0,0,0,1,0,0,2022-03-24 20:23:02+00:00
433,0,0,1,0,0,0,2022-03-24 20:29:09+00:00
432,0,0,0,1,0,0,2022-03-25 08:50:36+00:00
431,0,0,0,1,0,0,2022-03-25 10:24:48+00:00
430,0,0,0,0,0,1,2022-03-25 11:17:26+00:00
429,0,0,1,0,0,0,2022-03-25 12:11:45+00:00
428,0,1,0,0,0,0,2022-03-25 12:17:11+00:00
427,0,0,0,0,1,0,2022-03-25 12:18:39+00:00
426,1,0,0,0,0,0,2022-03-25 12:19:51+00:00
425,0,0,0,0,1,0,2022-03-25 12:22:16+00:00
424,0,0,0,0,0,1,2022-03-25 12:25:35+00:00
423,0,1,0,0,0,0,2022-03-25 12:27:01+00:00
422,0,1,0,0,0,0,2022-03-25 12:28:16+00:00
421,0,0,1,0,0,0,2022-03-25 12:28:57+00:00
420,0,0,1,0,0,0,2022-03-25 12:30:39+00:00
419,1,0,0,0,0,0,2022-03-25 12:31:55+00:00
418,0,1,0,0,0,0,2022-03-25 12:36:05+00:00
417,1,0,0,0,0,0,2022-03-25 12:37:35+00:00
416,0,0,0,0,0,1,2022-03-25 12:40:00+00:00
415,0,1,0,0,0,0,2022-03-25 12:44:16+00:00
414,0,0,1,0,0,0,2022-03-25 12:47:06+00:00
413,0,1,0,0,0,0,2022-03-25 12:47:07+00:00
412,0,0,1,0,0,0,2022-03-25 12:50:33+00:00
411,1,0,0,0,0,0,2022-03-25 12:54:33+00:00
410,1,0,0,0,0,0,2022-03-25 12:55:31+00:00
409,0,0,0,0,1,0,2022-03-25 12:59:24+00:00
408,0,0,0,0,1,0,2022-03-25 13:02:24+00:00
407,0,1,0,0,0,0,2022-03-25 13:02:51+00:00
406,1,0,0,0,0,0,2022-03-25 13:03:08+00:00
405,0,0,0,1,0,0,2022-03-25 13:14:24+00:00
404,0,0,0,1,0,0,2022-03-25 13:15:58+00:00
403,0,0,1,0,0,0,2022-03-25 16:38:47+00:00
402,0,1,0,0,0,0,2022-03-25 17:32:14+00:00
401,0,0,0,0,0,1,2022-03-25 18:56:35+00:00
400,0,0,0,0,1,0,2022-03-25 18:57:08+00:00
399,0,0,0,0,1,0,2022-03-25 18:59:21+00:00
398,0,1,0,0,0,0,2022-03-25 19:00:12+00:00
397,0,0,1,0,0,0,2022-03-25 19:05:04+00:00
396,0,0,0,1,0,0,2022-03-25 19:07:15+00:00
395,0,0,1,0,0,0,2022-03-25 19:09:49+00:00
394,0,0,0,1,0,0,2022-03-25 19:12:30+00:00
393,0,0,0,0,0,1,2022-03-25 19:18:23+00:00
392,0,0,1,0,0,0,2022-03-25 19:25:16+00:00
391,0,0,1,0,0,0,2022-03-25 19:26:13+00:00
390,0,0,0,0,0,1,2022-03-25 19:26:19+00:00
389,0,0,0,1,0,0,2022-03-25 19:31:30+00:00
388,1,0,0,0,0,0,2022-03-25 19:34:28+00:00
387,0,1,0,0,0,0,2022-03-26 08:43:23+00:00
386,0,1,0,0,0,0,2022-03-26 10:34:17+00:00
385,0,1,0,0,0,0,2022-03-26 13:13:33+00:00
384,0,0,0,0,0,1,2022-03-27 11:18:36+00:00
383,0,1,0,0,0,0,2022-03-27 11:20:59+00:00
382,1,0,0,0,0,0,2022-03-27 11:21:44+00:00
381,0,0,0,1,0,0,2022-03-27 11:22:22+00:00
380,1,0,0,0,0,0,2022-03-27 11:23:51+00:00
379,0,1,0,0,0,0,2022-03-27 11:24:42+00:00
378,1,0,0,0,0,0,2022-03-27 11:25:09+00:00
377,0,0,1,0,0,0,2022-03-27 13:12:18+00:00
376,1,0,0,0,0,0,2022-03-27 13:20:40+00:00
375,0,1,0,0,0,0,2022-03-27 13:23:29+00:00
374,0,0,1,0,0,0,2022-03-27 13:23:42+00:00
373,1,0,0,0,0,0,2022-03-27 13:26:55+00:00
372,0,0,1,0,0,0,2022-03-27 13:28:21+00:00
371,0,0,0,0,1,0,2022-03-27 13:29:27+00:00
370,0,1,0,0,0,0,2022-03-27 13:31:35+00:00
369,0,0,1,0,0,0,2022-03-27 13:32:42+00:00
368,0,0,0,0,1,0,2022-03-27 13:37:23+00:00
367,0,1,0,0,0,0,2022-03-27 13:39:04+00:00
366,0,0,0,0,1,0,2022-03-27 13:41:18+00:00
365,0,1,0,0,0,0,2022-03-27 13:41:48+00:00
364,0,1,0,0,0,0,2022-03-27 13:44:52+00:00
363,0,0,0,0,1,0,2022-03-27 13:45:50+00:00
362,0,0,1,0,0,0,2022-03-27 13:48:33+00:00
361,0,0,0,1,0,0,2022-03-27 13:51:31+00:00
360,0,0,0,0,0,1,2022-03-27 13:54:47+00:00
359,0,0,0,0,1,0,2022-03-27 13:55:02+00:00
358,0,0,0,0,1,0,2022-03-27 13:56:11+00:00
357,0,0,0,0,0,1,2022-03-27 13:58:37+00:00
356,0,0,0,0,0,1,2022-03-27 13:59:00+00:00
355,0,0,0,0,0,1,2022-03-27 13:59:29+00:00
354,0,1,0,0,0,0,2022-03-27 14:02:34+00:00
353,0,0,0,1,0,0,2022-03-27 14:03:12+00:00
352,0,0,1,0,0,0,2022-03-27 14:07:08+00:00
351,0,0,1,0,0,0,2022-03-27 14:07:34+00:00
350,0,1,0,0,0,0,2022-03-27 14:09:59+00:00
349,0,0,1,0,0,0,2022-03-27 14:15:16+00:00
348,0,0,1,0,0,0,2022-03-27 14:15:20+00:00
347,0,0,1,0,0,0,2022-03-27 14:23:41+00:00
346,0,0,1,0,0,0,2022-03-27 14:26:18+00:00
345,0,0,1,0,0,0,2022-03-27 14:26:50+00:00
344,0,0,0,0,0,1,2022-03-27 14:30:27+00:00
343,0,0,0,0,0,1,2022-03-27 14:33:39+00:00
342,0,1,0,0,0,0,2022-03-27 14:34:14+00:00
341,0,0,0,0,0,1,2022-03-27 14:37:03+00:00
340,0,1,0,0,0,0,2022-03-27 14:37:30+00:00
339,1,0,0,0,0,0,2022-03-27 14:39:13+00:00
338,0,1,0,0,0,0,2022-03-27 14:42:46+00:00
337,0,1,0,0,0,0,2022-03-27 14:51:04+00:00
336,0,1,0,0,0,0,2022-03-27 14:57:21+00:00
335,0,1,0,0,0,0,2022-03-27 15:00:41+00:00
334,0,0,0,0,0,1,2022-03-27 15:05:26+00:00
333,0,0,0,0,0,1,2022-03-28 09:41:28+00:00
332,0,0,0,0,0,1,2022-03-28 13:02:12+00:00
331,0,1,0,0,0,0,2022-03-28 17:12:44+00:00
330,0,0,0,0,0,1,2022-03-28 17:15:53+00:00
329,1,0,0,0,0,0,2022-03-28 17:20:51+00:00
328,0,1,0,0,0,0,2022-03-28 17:27:08+00:00
327,0,0,1,0,0,0,2022-03-28 17:30:23+00:00
326,0,0,1,0,0,0,2022-03-28 17:36:21+00:00
325,0,1,0,0,0,0,2022-03-28 17:37:26+00:00
324,0,1,0,0,0,0,2022-03-28 17:39:33+00:00
323,0,0,1,0,0,0,2022-03-28 17:43:05+00:00
322,1,0,0,0,0,0,2022-03-28 17:48:40+00:00
321,1,0,0,0,0,0,2022-03-28 17:54:07+00:00
320,1,0,0,0,0,0,2022-03-28 17:55:48+00:00
319,1,0,0,0,0,0,2022-03-28 17:58:11+00:00
318,1,0,0,0,0,0,2022-03-28 18:07:33+00:00
317,1,0,0,0,0,0,2022-03-28 18:08:43+00:00
316,0,0,0,0,1,0,2022-03-28 18:10:24+00:00
315,0,0,1,0,0,0,2022-03-28 18:14:34+00:00
314,0,0,0,0,1,0,2022-03-28 18:16:11+00:00
313,0,0,0,0,1,0,2022-03-28 18:19:27+00:00
312,0,1,0,0,0,0,2022-03-28 18:25:34+00:00
311,1,0,0,0,0,0,2022-03-28 18:28:49+00:00
310,0,0,0,1,0,0,2022-03-28 18:37:46+00:00
309,1,0,0,0,0,0,2022-03-28 18:41:09+00:00
308,0,0,0,0,1,0,2022-03-28 18:44:51+00:00
307,0,0,0,0,1,0,2022-03-28 18:54:43+00:00
306,0,1,0,0,0,0,2022-03-28 19:10:42+00:00
305,0,0,0,1,0,0,2022-03-28 19:33:45+00:00
304,0,0,1,0,0,0,2022-03-28 19:45:42+00:00
303,0,0,0,0,0,1,2022-03-28 20:28:45+00:00
302,0,0,1,0,0,0,2022-03-29 09:12:32+00:00
301,0,0,1,0,0,0,2022-03-29 09:47:07+00:00
300,0,0,1,0,0,0,2022-03-29 09:52:50+00:00
299,1,0,0,0,0,0,2022-03-29 11:58:28+00:00
298,0,0,0,0,0,1,2022-03-29 12:20:00+00:00
297,0,0,0,0,0,1,2022-03-29 13:30:45+00:00
296,0,1,0,0,0,0,2022-03-29 16:58:21+00:00
295,0,0,0,0,1,0,2022-03-30 06:25:12+00:00
294,0,1,0,0,0,0,2022-03-30 06:26:09+00:00
293,0,1,0,0,0,0,2022-03-30 06:27:05+00:00
292,0,1,0,0,0,0,2022-03-30 06:29:20+00:00
291,0,0,0,0,0,1,2022-03-30 06:33:09+00:00
290,0,1,0,0,0,0,2022-03-30 06:33:55+00:00
289,0,1,0,0,0,0,2022-03-30 06:35:35+00:00
288,0,0,1,0,0,0,2022-03-30 06:36:49+00:00
287,0,0,1,0,0,0,2022-03-30 06:37:13+00:00
286,0,1,0,0,0,0,2022-03-30 06:39:07+00:00
285,0,1,0,0,0,0,2022-03-30 06:41:53+00:00
284,0,1,0,0,0,0,2022-03-30 06:44:48+00:00
283,1,0,0,0,0,0,2022-03-30 06:46:29+00:00
282,1,0,0,0,0,0,2022-03-30 06:49:55+00:00
281,0,1,0,0,0,0,2022-03-30 06:53:28+00:00
280,0,1,0,0,0,0,2022-03-30 06:55:18+00:00
279,0,1,0,0,0,0,2022-03-30 06:59:06+00:00
278,0,1,0,0,0,0,2022-03-30 07:12:13+00:00
277,0,0,0,0,0,1,2022-03-30 11:58:56+00:00
276,0,0,0,0,0,1,2022-03-30 12:28:17+00:00
275,0,1,0,0,0,0,2022-03-30 14:37:05+00:00
274,0,0,0,0,1,0,2022-03-30 15:41:00+00:00
273,1,0,0,0,0,0,2022-03-30 16:44:50+00:00
272,0,1,0,0,0,0,2022-03-31 07:43:02+00:00
271,0,0,0,1,0,0,2022-03-31 09:15:43+00:00
270,0,1,0,0,0,0,2022-03-31 10:27:02+00:00
269,0,1,0,0,0,0,2022-03-31 14:18:19+00:00
268,0,0,0,0,0,1,2022-03-31 15:04:55+00:00
267,1,0,0,0,0,0,2022-03-31 16:55:30+00:00
266,1,0,0,0,0,0,2022-03-31 20:11:25+00:00
265,0,0,0,0,0,1,2022-03-31 20:12:41+00:00
264,0,0,0,0,1,0,2022-03-31 20:17:11+00:00
263,0,0,0,0,0,1,2022-03-31 20:18:21+00:00
262,0,0,0,0,1,0,2022-03-31 20:25:48+00:00
261,0,1,0,0,0,0,2022-03-31 20:26:19+00:00
260,1,0,0,0,0,0,2022-03-31 20:31:03+00:00
259,1,0,0,0,0,0,2022-03-31 20:33:50+00:00
258,0,1,0,0,0,0,2022-03-31 20:36:58+00:00
257,1,0,0,0,0,0,2022-03-31 20:40:07+00:00
256,0,0,1,0,0,0,2022-03-31 20:41:50+00:00
255,0,1,0,0,0,0,2022-03-31 20:42:32+00:00
254,1,0,0,0,0,0,2022-03-31 20:47:07+00:00
253,1,0,0,0,0,0,2022-03-31 20:53:09+00:00
252,0,0,1,0,0,0,2022-03-31 20:57:52+00:00
251,0,0,1,0,0,0,2022-03-31 21:04:57+00:00
250,1,0,0,0,0,0,2022-03-31 21:14:22+00:00
249,0,0,0,0,0,1,2022-04-01 08:10:32+00:00
248,0,0,0,0,0,1,2022-04-01 10:33:05+00:00
247,0,0,0,1,0,0,2022-04-01 11:48:15+00:00
246,0,0,1,0,0,0,2022-04-01 12:49:09+00:00
245,0,0,0,0,1,0,2022-04-01 14:57:40+00:00
244,0,1,0,0,0,0,2022-04-01 16:25:10+00:00
243,0,1,0,0,0,0,2022-04-01 19:13:43+00:00
242,1,0,0,0,0,0,2022-04-02 11:16:35+00:00
241,0,1,0,0,0,0,2022-04-02 11:16:37+00:00
240,1,0,0,0,0,0,2022-04-02 14:40:48+00:00
239,0,0,0,0,0,1,2022-04-02 15:59:08+00:00
238,0,0,0,0,0,1,2022-04-02 16:31:05+00:00
237,1,0,0,0,0,0,2022-04-02 17:57:37+00:00
236,1,0,0,0,0,0,2022-04-03 08:38:41+00:00
235,0,0,0,0,0,1,2022-04-03 12:05:40+00:00
234,1,0,0,0,0,0,2022-04-03 12:10:29+00:00
233,1,0,0,0,0,0,2022-04-03 12:14:00+00:00
232,0,0,0,0,0,1,2022-04-03 12:15:38+00:00
231,1,0,0,0,0,0,2022-04-03 12:20:14+00:00
230,1,0,0,0,0,0,2022-04-03 12:24:16+00:00
229,1,0,0,0,0,0,2022-04-03 12:24:34+00:00
228,0,0,0,0,0,1,2022-04-03 12:25:01+00:00
227,0,0,0,0,0,1,2022-04-03 12:25:30+00:00
226,0,0,1,0,0,0,2022-04-03 12:28:24+00:00
225,1,0,0,0,0,0,2022-04-03 12:34:23+00:00
224,0,0,0,0,0,1,2022-04-03 12:35:47+00:00
223,1,0,0,0,0,0,2022-04-03 12:38:05+00:00
222,0,0,1,0,0,0,2022-04-03 12:40:04+00:00
221,0,1,0,0,0,0,2022-04-03 12:40:15+00:00
220,0,0,0,0,0,1,2022-04-03 12:42:35+00:00
219,1,0,0,0,0,0,2022-04-03 12:51:44+00:00
218,1,0,0,0,0,0,2022-04-03 12:54:05+00:00
217,1,0,0,0,0,0,2022-04-03 12:54:23+00:00
216,0,1,0,0,0,0,2022-04-03 12:54:25+00:00
215,1,0,0,0,0,0,2022-04-03 12:57:55+00:00
214,1,0,0,0,0,0,2022-04-03 13:02:08+00:00
213,0,1,0,0,0,0,2022-04-03 13:02:26+00:00
212,0,1,0,0,0,0,2022-04-03 13:09:39+00:00
211,0,1,0,0,0,0,2022-04-03 13:10:35+00:00
210,1,0,0,0,0,0,2022-04-03 13:11:41+00:00
209,0,1,0,0,0,0,2022-04-03 13:14:10+00:00
208,0,0,1,0,0,0,2022-04-03 13:17:31+00:00
207,0,0,0,1,0,0,2022-04-03 13:18:11+00:00
206,0,0,0,0,0,1,2022-04-03 13:23:13+00:00
205,0,1,0,0,0,0,2022-04-03 13:25:09+00:00
204,1,0,0,0,0,0,2022-04-03 13:25:10+00:00
203,1,0,0,0,0,0,2022-04-03 13:31:36+00:00
202,0,1,0,0,0,0,2022-04-03 13:33:23+00:00
201,0,0,1,0,0,0,2022-04-03 13:43:25+00:00
200,1,0,0,0,0,0,2022-04-03 13:43:27+00:00
199,0,1,0,0,0,0,2022-04-03 13:47:38+00:00
198,0,0,1,0,0,0,2022-04-03 13:51:31+00:00
197,0,0,0,0,1,0,2022-04-03 13:57:13+00:00
196,0,1,0,0,0,0,2022-04-03 13:59:00+00:00
195,1,0,0,0,0,0,2022-04-03 15:26:14+00:00
194,0,1,0,0,0,0,2022-04-04 09:02:12+00:00
193,0,0,0,0,0,1,2022-04-04 10:15:30+00:00
192,0,1,0,0,0,0,2022-04-04 14:55:38+00:00
191,1,0,0,0,0,0,2022-04-04 15:49:42+00:00
190,0,0,0,0,1,0,2022-04-04 18:51:27+00:00
189,0,0,1,0,0,0,2022-04-04 18:57:45+00:00
188,0,1,0,0,0,0,2022-04-04 19:01:21+00:00
187,0,0,0,0,0,1,2022-04-04 19:04:41+00:00
186,0,0,0,0,0,1,2022-04-04 19:06:50+00:00
185,0,1,0,0,0,0,2022-04-04 19:16:44+00:00
184,0,0,0,0,0,1,2022-04-04 19:53:37+00:00
183,1,0,0,0,0,0,2022-04-04 20:26:03+00:00
182,0,0,0,0,0,1,2022-04-05 05:42:40+00:00
181,0,1,0,0,0,0,2022-04-05 05:45:45+00:00
180,0,0,0,0,1,0,2022-04-05 05:46:44+00:00
179,0,0,1,0,0,0,2022-04-05 05:48:57+00:00
178,1,0,0,0,0,0,2022-04-05 05:54:50+00:00
177,0,0,1,0,0,0,2022-04-05 05:57:54+00:00
176,0,0,0,0,1,0,2022-04-05 05:59:19+00:00
175,0,0,0,1,0,0,2022-04-05 06:04:23+00:00
174,0,0,0,0,0,1,2022-04-05 06:06:18+00:00
173,0,1,0,0,0,0,2022-04-05 06:08:43+00:00
172,0,0,1,0,0,0,2022-04-05 06:19:38+00:00
171,0,0,0,0,0,1,2022-04-05 08:35:47+00:00
170,0,0,1,0,0,0,2022-04-05 08:44:49+00:00
169,0,0,0,0,1,0,2022-04-05 09:50:16+00:00
168,1,0,0,0,0,0,2022-04-05 12:03:26+00:00
167,0,0,0,1,0,0,2022-04-05 18:06:00+00:00
166,1,0,0,0,0,0,2022-04-05 18:08:43+00:00
165,0,0,1,0,0,0,2022-04-05 18:10:15+00:00
164,1,0,0,0,0,0,2022-04-05 18:11:39+00:00
163,0,0,1,0,0,0,2022-04-05 18:13:54+00:00
162,0,0,1,0,0,0,2022-04-05 18:16:01+00:00
161,0,0,0,0,0,1,2022-04-05 18:17:55+00:00
160,0,1,0,0,0,0,2022-04-05 18:20:55+00:00
159,0,0,1,0,0,0,2022-04-05 18:21:45+00:00
158,1,0,0,0,0,0,2022-04-05 18:30:26+00:00
157,0,1,0,0,0,0,2022-04-05 18:31:46+00:00
156,0,1,0,0,0,0,2022-04-05 18:32:00+00:00
155,1,0,0,0,0,0,2022-04-05 18:32:15+00:00
154,1,0,0,0,0,0,2022-04-05 18:38:54+00:00
153,0,0,0,0,0,1,2022-04-05 18:39:41+00:00
152,0,0,0,0,1,0,2022-04-05 18:41:06+00:00
151,0,0,0,0,1,0,2022-04-05 18:42:44+00:00
150,0,0,0,0,1,0,2022-04-05 18:44:31+00:00
149,0,0,0,0,0,1,2022-04-05 18:45:21+00:00
148,0,0,0,0,0,1,2022-04-05 18:48:09+00:00
147,0,0,0,0,0,1,2022-04-05 18:52:23+00:00
146,0,1,0,0,0,0,2022-04-05 18:59:15+00:00
145,0,1,0,0,0,0,2022-04-05 19:00:31+00:00
144,0,1,0,0,0,0,2022-04-05 19:00:48+00:00
143,0,0,1,0,0,0,2022-04-05 19:01:33+00:00
142,0,0,0,0,1,0,2022-04-05 19:07:18+00:00
141,0,0,0,1,0,0,2022-04-05 19:08:58+00:00
140,0,0,0,0,1,0,2022-04-05 19:10:13+00:00
139,0,1,0,0,0,0,2022-04-05 19:12:23+00:00
138,0,1,0,0,0,0,2022-04-05 19:12:41+00:00
137,0,0,1,0,0,0,2022-04-05 19:16:07+00:00
136,0,0,1,0,0,0,2022-04-05 19:18:08+00:00
135,0,0,1,0,0,0,2022-04-05 19:19:34+00:00
134,0,0,0,0,1,0,2022-04-05 19:21:50+00:00
133,0,0,1,0,0,0,2022-04-05 19:22:30+00:00
132,0,1,0,0,0,0,2022-04-05 19:29:19+00:00
131,0,0,0,0,1,0,2022-04-05 19:30:00+00:00
130,0,0,1,0,0,0,2022-04-05 19:32:25+00:00
129,0,0,1,0,0,0,2022-04-05 19:32:32+00:00
128,0,0,0,0,0,1,2022-04-05 19:36:20+00:00
127,0,0,1,0,0,0,2022-04-05 19:38:40+00:00
126,0,0,0,0,1,0,2022-04-05 19:38:46+00:00
125,0,0,1,0,0,0,2022-04-05 19:43:59+00:00
124,0,1,0,0,0,0,2022-04-05 19:45:05+00:00
123,0,0,1,0,0,0,2022-04-05 19:49:41+00:00
122,0,0,0,0,1,0,2022-04-05 19:49:42+00:00
121,1,0,0,0,0,0,2022-04-05 19:56:57+00:00
120,0,0,0,0,0,1,2022-04-05 19:59:33+00:00
119,1,0,0,0,0,0,2022-04-05 20:04:28+00:00
118,0,0,0,0,0,1,2022-04-05 20:05:22+00:00
117,0,1,0,0,0,0,2022-04-05 20:09:31+00:00
116,0,0,0,0,0,1,2022-04-05 20:13:24+00:00
115,0,1,0,0,0,0,2022-04-05 21:44:18+00:00
114,0,0,0,0,1,0,2022-04-06 07:47:17+00:00
113,0,0,0,0,0,1,2022-04-06 09:31:37+00:00
112,0,1,0,0,0,0,2022-04-06 10:50:09+00:00
111,0,0,0,0,0,1,2022-04-06 10:57:39+00:00
110,0,0,0,0,0,1,2022-04-06 12:53:49+00:00
109,0,0,0,1,0,0,2022-04-06 14:27:53+00:00
108,0,0,0,1,0,0,2022-04-06 14:38:03+00:00
107,0,0,0,0,0,1,2022-04-06 14:44:43+00:00
106,0,0,0,0,0,1,2022-04-06 17:05:08+00:00
105,0,0,1,0,0,0,2022-04-06 18:02:08+00:00
104,0,0,0,0,1,0,2022-04-06 18:19:09+00:00
103,0,0,0,1,0,0,2022-04-06 18:29:35+00:00
102,0,0,0,0,1,0,2022-04-06 18:32:38+00:00
101,0,0,1,0,0,0,2022-04-06 18:36:30+00:00
100,0,0,0,1,0,0,2022-04-06 18:40:44+00:00
99,0,1,0,0,0,0,2022-04-06 18:55:50+00:00
98,0,0,1,0,0,0,2022-04-06 19:18:00+00:00
97,0,1,0,0,0,0,2022-04-07 08:43:44+00:00
96,0,0,1,0,0,0,2022-04-07 08:45:21+00:00
95,0,0,1,0,0,0,2022-04-07 08:56:23+00:00
94,0,0,1,0,0,0,2022-04-07 09:55:09+00:00
93,0,0,0,0,0,1,2022-04-07 10:01:32+00:00
92,0,1,0,0,0,0,2022-04-07 11:04:39+00:00
91,0,0,0,0,1,0,2022-04-07 14:15:03+00:00
90,0,1,0,0,0,0,2022-04-07 14:45:03+00:00
89,0,0,1,0,0,0,2022-04-07 15:30:58+00:00
88,0,0,0,0,0,1,2022-04-07 15:31:53+00:00
87,0,0,0,0,1,0,2022-04-07 16:04:15+00:00
86,0,0,0,0,1,0,2022-04-07 16:09:37+00:00
85,0,0,0,0,1,0,2022-04-07 16:48:13+00:00
84,0,0,0,0,1,0,2022-04-07 16:59:05+00:00
83,0,0,0,0,1,0,2022-04-07 17:49:49+00:00
82,0,0,1,0,0,0,2022-04-07 18:31:41+00:00
81,0,0,1,0,0,0,2022-04-07 18:32:37+00:00
80,0,0,0,0,1,0,2022-04-07 18:34:20+00:00
79,0,0,1,0,0,0,2022-04-07 18:36:55+00:00
78,1,0,0,0,0,0,2022-04-07 18:39:27+00:00
77,0,0,0,0,0,1,2022-04-07 18:48:01+00:00
76,0,0,0,0,1,0,2022-04-07 18:50:10+00:00
75,0,1,0,0,0,0,2022-04-07 18:57:45+00:00
74,0,0,0,0,0,1,2022-04-07 18:57:55+00:00
73,0,0,0,0,0,1,2022-04-08 05:03:49+00:00
72,0,0,0,0,0,1,2022-04-08 06:35:27+00:00
71,0,0,0,0,0,1,2022-04-08 06:39:43+00:00
70,0,0,1,0,0,0,2022-04-08 06:43:56+00:00
69,0,0,1,0,0,0,2022-04-08 06:45:42+00:00
68,0,0,0,0,0,1,2022-04-08 06:46:47+00:00
67,0,0,0,0,0,1,2022-04-08 06:48:44+00:00
66,0,0,1,0,0,0,2022-04-08 06:53:08+00:00
65,0,0,0,0,0,1,2022-04-08 06:53:57+00:00
64,0,0,1,0,0,0,2022-04-08 06:55:14+00:00
63,0,0,1,0,0,0,2022-04-08 06:55:50+00:00
62,0,0,0,0,0,1,2022-04-08 07:06:32+00:00
61,1,0,0,0,0,0,2022-04-08 07:09:38+00:00
60,0,0,0,1,0,0,2022-04-08 07:10:18+00:00
59,0,1,0,0,0,0,2022-04-08 07:21:36+00:00
58,0,0,0,0,1,0,2022-04-08 07:35:34+00:00
57,0,0,0,0,0,1,2022-04-08 07:41:37+00:00
56,0,0,0,0,0,1,2022-04-08 08:16:27+00:00
55,0,1,0,0,0,0,2022-04-08 09:09:13+00:00
54,0,0,0,0,1,0,2022-04-08 10:20:16+00:00
53,0,0,0,0,1,0,2022-04-08 10:35:34+00:00
52,0,1,0,0,0,0,2022-04-08 11:11:37+00:00
51,0,1,0,0,0,0,2022-04-08 11:12:39+00:00
50,0,0,0,0,1,0,2022-04-08 12:03:28+00:00
49,0,0,1,0,0,0,2022-04-08 12:14:38+00:00
48,0,0,0,0,1,0,2022-04-08 12:57:29+00:00
47,0,0,0,0,1,0,2022-04-08 13:12:02+00:00
46,0,0,0,0,1,0,2022-04-08 13:34:40+00:00
45,0,0,1,0,0,0,2022-04-08 13:39:00+00:00
44,0,0,0,0,1,0,2022-04-08 14:12:53+00:00
43,1,0,0,0,0,0,2022-04-08 14:26:36+00:00
42,0,0,1,0,0,0,2022-04-08 14:48:04+00:00
41,0,0,1,0,0,0,2022-04-08 15:38:02+00:00
40,0,0,0,1,0,0,2022-04-08 16:47:00+00:00
39,0,0,0,0,1,0,2022-04-08 17:46:37+00:00
38,0,0,0,0,1,0,2022-04-08 18:26:30+00:00
37,0,0,1,0,0,0,2022-04-08 18:30:18+00:00
36,0,0,0,0,1,0,2022-04-08 18:33:02+00:00
35,0,1,0,0,0,0,2022-04-08 18:35:39+00:00
34,0,1,0,0,0,0,2022-04-08 19:07:42+00:00
33,0,0,0,1,0,0,2022-04-08 19:15:45+00:00
32,0,0,0,0,0,1,2022-04-08 19:22:41+00:00
31,0,0,0,1,0,0,2022-04-08 19:24:14+00:00
30,0,1,0,0,0,0,2022-04-08 19:30:53+00:00
29,1,0,0,0,0,0,2022-04-08 19:33:11+00:00
28,0,0,0,0,0,1,2022-04-08 19:33:26+00:00
27,0,1,0,0,0,0,2022-04-08 19:42:36+00:00
26,0,1,0,0,0,0,2022-04-08 19:44:22+00:00
25,0,0,1,0,0,0,2022-04-08 19:45:18+00:00
24,0,0,0,0,0,1,2022-04-08 19:48:10+00:00
23,0,0,1,0,0,0,2022-04-08 19:53:02+00:00
22,0,0,0,0,0,1,2022-04-08 19:55:00+00:00
21,0,0,1,0,0,0,2022-04-08 19:55:18+00:00
20,0,0,1,0,0,0,2022-04-08 19:55:34+00:00
19,0,1,0,0,0,0,2022-04-08 19:57:22+00:00
18,1,0,0,0,0,0,2022-04-08 19:58:03+00:00
17,0,1,0,0,0,0,2022-04-08 20:03:08+00:00
16,0,0,0,0,1,0,2022-04-08 20:03:37+00:00
15,0,1,0,0,0,0,2022-04-08 20:06:50+00:00
14,0,0,1,0,0,0,2022-04-08 20:07:44+00:00
13,0,1,0,0,0,0,2022-04-08 20:09:19+00:00
12,0,0,1,0,0,0,2022-04-08 20:11:54+00:00
11,0,0,0,0,0,1,2022-04-08 20:14:04+00:00
10,0,0,0,0,0,1,2022-04-08 20:21:17+00:00
9,0,0,1,0,0,0,2022-04-08 20:29:52+00:00
8,0,0,1,0,0,0,2022-04-08 20:32:49+00:00
7,0,0,1,0,0,0,2022-04-08 21:24:06+00:00
6,0,0,0,0,0,1,2022-04-08 21:25:06+00:00
5,0,0,1,0,0,0,2022-04-08 21:26:29+00:00
4,0,0,0,0,1,0,2022-04-10 18:42:40+00:00
3,0,0,0,0,1,0,2022-04-10 18:44:06+00:00
2,0,0,0,1,0,0,2022-04-10 18:47:49+00:00
1,0,0,1,0,0,0,2022-04-10 18:49:17+00:00
0,0,0,0,0,0,1,2022-04-10 18:50:52+00:00
